{
    "name": "root",
    "gauges": {
        "EnemyAI.Policy.Entropy.mean": {
            "value": 0.9686239361763,
            "min": 0.9686239361763,
            "max": 1.2512831687927246,
            "count": 100
        },
        "EnemyAI.Policy.Entropy.sum": {
            "value": 9599.0634765625,
            "min": 8962.1083984375,
            "max": 14904.9794921875,
            "count": 100
        },
        "EnemyAI.Step.mean": {
            "value": 1999978.0,
            "min": 1009975.0,
            "max": 1999978.0,
            "count": 100
        },
        "EnemyAI.Step.sum": {
            "value": 1999978.0,
            "min": 1009975.0,
            "max": 1999978.0,
            "count": 100
        },
        "EnemyAI.Policy.ExtrinsicValueEstimate.mean": {
            "value": 0.20637013018131256,
            "min": 0.03491978347301483,
            "max": 0.2194015085697174,
            "count": 100
        },
        "EnemyAI.Policy.ExtrinsicValueEstimate.sum": {
            "value": 17.128721237182617,
            "min": 3.107860565185547,
            "max": 18.8685302734375,
            "count": 100
        },
        "EnemyAI.Environment.EpisodeLength.mean": {
            "value": 832.3333333333334,
            "min": 212.0,
            "max": 850.3,
            "count": 100
        },
        "EnemyAI.Environment.EpisodeLength.sum": {
            "value": 7491.0,
            "min": 424.0,
            "max": 14023.0,
            "count": 100
        },
        "EnemyAI.Environment.CumulativeReward.mean": {
            "value": 2.7398890323109097,
            "min": -0.9617995452135801,
            "max": 3.0566251603886485,
            "count": 100
        },
        "EnemyAI.Environment.CumulativeReward.sum": {
            "value": 24.659001290798187,
            "min": -19.235990904271603,
            "max": 35.56000177562237,
            "count": 100
        },
        "EnemyAI.Policy.ExtrinsicReward.mean": {
            "value": 2.7398890323109097,
            "min": -0.9617995452135801,
            "max": 3.0566251603886485,
            "count": 100
        },
        "EnemyAI.Policy.ExtrinsicReward.sum": {
            "value": 24.659001290798187,
            "min": -19.235990904271603,
            "max": 35.56000177562237,
            "count": 100
        },
        "EnemyAI.IsTraining.mean": {
            "value": 1.0,
            "min": 1.0,
            "max": 1.0,
            "count": 100
        },
        "EnemyAI.IsTraining.sum": {
            "value": 1.0,
            "min": 1.0,
            "max": 1.0,
            "count": 100
        },
        "EnemyAI.Losses.PolicyLoss.mean": {
            "value": 0.014594782438750068,
            "min": 0.011622322490438819,
            "max": 0.02184824235737324,
            "count": 48
        },
        "EnemyAI.Losses.PolicyLoss.sum": {
            "value": 0.014594782438750068,
            "min": 0.011622322490438819,
            "max": 0.02184824235737324,
            "count": 48
        },
        "EnemyAI.Losses.ValueLoss.mean": {
            "value": 0.017725945357233285,
            "min": 0.013113529483477274,
            "max": 0.15793168743451436,
            "count": 48
        },
        "EnemyAI.Losses.ValueLoss.sum": {
            "value": 0.017725945357233285,
            "min": 0.013113529483477274,
            "max": 0.15793168743451436,
            "count": 48
        },
        "EnemyAI.Policy.LearningRate.mean": {
            "value": 2.043249318950015e-06,
            "min": 2.043249318950015e-06,
            "max": 0.00014690555103150001,
            "count": 48
        },
        "EnemyAI.Policy.LearningRate.sum": {
            "value": 2.043249318950015e-06,
            "min": 2.043249318950015e-06,
            "max": 0.00014690555103150001,
            "count": 48
        },
        "EnemyAI.Policy.Epsilon.mean": {
            "value": 0.10068105,
            "min": 0.10068105,
            "max": 0.14896849999999998,
            "count": 48
        },
        "EnemyAI.Policy.Epsilon.sum": {
            "value": 0.10068105,
            "min": 0.10068105,
            "max": 0.14896849999999998,
            "count": 48
        },
        "EnemyAI.Policy.Beta.mean": {
            "value": 4.3984395000000276e-05,
            "min": 4.3984395000000276e-05,
            "max": 0.0024535281500000002,
            "count": 48
        },
        "EnemyAI.Policy.Beta.sum": {
            "value": 4.3984395000000276e-05,
            "min": 4.3984395000000276e-05,
            "max": 0.0024535281500000002,
            "count": 48
        }
    },
    "metadata": {
        "timer_format_version": "0.1.0",
        "start_time_seconds": "1756918984",
        "python_version": "3.8.20 (default, Oct  3 2024, 15:19:54) [MSC v.1929 64 bit (AMD64)]",
        "command_line_arguments": "C:\\Users\\User\\anaconda3\\envs\\mlagents_env\\Scripts\\mlagents-learn config/enemy_dodge_trainer_config.yaml --run-id=EnemyAI_Dodge_Run_02 --env=./Build/DodgeTraining/AI_Enemy.exe --num-envs=4 --resume",
        "mlagents_version": "0.28.0",
        "mlagents_envs_version": "0.28.0",
        "communication_protocol_version": "1.5.0",
        "pytorch_version": "2.4.1+cu118",
        "numpy_version": "1.21.6",
        "end_time_seconds": "1756920761"
    },
    "total": 1776.5920735,
    "count": 1,
    "self": 0.24660169999992831,
    "children": {
        "run_training.setup": {
            "total": 0.23559099999999988,
            "count": 1,
            "self": 0.23559099999999988
        },
        "TrainerController.start_learning": {
            "total": 1776.1098808,
            "count": 1,
            "self": 1.9709709999965526,
            "children": {
                "TrainerController._reset_env": {
                    "total": 5.5734639,
                    "count": 1,
                    "self": 5.5734639
                },
                "TrainerController.advance": {
                    "total": 1768.5235125000033,
                    "count": 86936,
                    "self": 1.6874759000043014,
                    "children": {
                        "env_step": {
                            "total": 1434.9607629999928,
                            "count": 86936,
                            "self": 1110.0646944000052,
                            "children": {
                                "SubprocessEnvManager._take_step": {
                                    "total": 323.6646820000002,
                                    "count": 101445,
                                    "self": 5.738787599992975,
                                    "children": {
                                        "TorchPolicy.evaluate": {
                                            "total": 317.9258944000072,
                                            "count": 100248,
                                            "self": 133.2888407999859,
                                            "children": {
                                                "TorchPolicy.sample_actions": {
                                                    "total": 184.63705360002132,
                                                    "count": 100248,
                                                    "self": 184.63705360002132
                                                }
                                            }
                                        }
                                    }
                                },
                                "workers": {
                                    "total": 1.2313865999874052,
                                    "count": 86936,
                                    "self": 0.0,
                                    "children": {
                                        "worker_root": {
                                            "total": 7082.170129900028,
                                            "count": 101443,