{
    "name": "root",
    "gauges": {
        "EnemyAI.Policy.Entropy.mean": {
            "value": 1.6499028205871582,
            "min": 1.6499028205871582,
            "max": 2.2227118015289307,
            "count": 100
        },
        "EnemyAI.Policy.Entropy.sum": {
            "value": 16599.671875,
            "min": 16498.529296875,
            "max": 22358.2578125,
            "count": 100
        },
        "EnemyAI.Step.mean": {
            "value": 1999963.0,
            "min": 1009898.0,
            "max": 1999963.0,
            "count": 100
        },
        "EnemyAI.Step.sum": {
            "value": 1999963.0,
            "min": 1009898.0,
            "max": 1999963.0,
            "count": 100
        },
        "EnemyAI.Policy.ExtrinsicValueEstimate.mean": {
            "value": 0.30816495418548584,
            "min": 0.12936972081661224,
            "max": 0.344179630279541,
            "count": 100
        },
        "EnemyAI.Policy.ExtrinsicValueEstimate.sum": {
            "value": 27.426681518554688,
            "min": 10.867056846618652,
            "max": 30.976165771484375,
            "count": 100
        },
        "EnemyAI.Environment.EpisodeLength.mean": {
            "value": 366.10714285714283,
            "min": 325.17241379310343,
            "max": 531.2222222222222,
            "count": 100
        },
        "EnemyAI.Environment.EpisodeLength.sum": {
            "value": 10251.0,
            "min": 8869.0,
            "max": 11256.0,
            "count": 100
        },
        "EnemyAI.Environment.CumulativeReward.mean": {
            "value": 1.5560314531571098,
            "min": 0.400586015005645,
            "max": 1.8041715032554098,
            "count": 100
        },
        "EnemyAI.Environment.CumulativeReward.sum": {
            "value": 43.56888068839908,
            "min": 7.611134285107255,
            "max": 50.516802091151476,
            "count": 100
        },
        "EnemyAI.Policy.ExtrinsicReward.mean": {
            "value": 1.5560314531571098,
            "min": 0.400586015005645,
            "max": 1.8041715032554098,
            "count": 100
        },
        "EnemyAI.Policy.ExtrinsicReward.sum": {
            "value": 43.56888068839908,
            "min": 7.611134285107255,
            "max": 50.516802091151476,
            "count": 100
        },
        "EnemyAI.IsTraining.mean": {
            "value": 1.0,
            "min": 1.0,
            "max": 1.0,
            "count": 100
        },
        "EnemyAI.IsTraining.sum": {
            "value": 1.0,
            "min": 1.0,
            "max": 1.0,
            "count": 100
        },
        "EnemyAI.Losses.PolicyLoss.mean": {
            "value": 0.017577298389126857,
            "min": 0.011746106420954068,
            "max": 0.023035888761902847,
            "count": 48
        },
        "EnemyAI.Losses.PolicyLoss.sum": {
            "value": 0.017577298389126857,
            "min": 0.011746106420954068,
            "max": 0.023035888761902847,
            "count": 48
        },
        "EnemyAI.Losses.ValueLoss.mean": {
            "value": 0.02728452328592539,
            "min": 0.025495140440762044,
            "max": 0.03165031298995018,
            "count": 48
        },
        "EnemyAI.Losses.ValueLoss.sum": {
            "value": 0.02728452328592539,
            "min": 0.025495140440762044,
            "max": 0.03165031298995018,
            "count": 48
        },
        "EnemyAI.Policy.LearningRate.mean": {
            "value": 2.188449270549994e-06,
            "min": 2.188449270549994e-06,
            "max": 0.00014690645103119997,
            "count": 48
        },
        "EnemyAI.Policy.LearningRate.sum": {
            "value": 2.188449270549994e-06,
            "min": 2.188449270549994e-06,
            "max": 0.00014690645103119997,
            "count": 48
        },
        "EnemyAI.Policy.Epsilon.mean": {
            "value": 0.10072945000000004,
            "min": 0.10072945000000004,
            "max": 0.14896880000000004,
            "count": 48
        },
        "EnemyAI.Policy.Epsilon.sum": {
            "value": 0.10072945000000004,
            "min": 0.10072945000000004,
            "max": 0.14896880000000004,
            "count": 48
        },
        "EnemyAI.Policy.Beta.mean": {
            "value": 4.63995549999999e-05,
            "min": 4.63995549999999e-05,
            "max": 0.00245354312,
            "count": 48
        },
        "EnemyAI.Policy.Beta.sum": {
            "value": 4.63995549999999e-05,
            "min": 4.63995549999999e-05,
            "max": 0.00245354312,
            "count": 48
        }
    },
    "metadata": {
        "timer_format_version": "0.1.0",
        "start_time_seconds": "1753887711",
        "python_version": "3.8.20 (default, Oct  3 2024, 15:19:54) [MSC v.1929 64 bit (AMD64)]",
        "command_line_arguments": "C:\\Users\\User\\anaconda3\\envs\\mlagents_env\\Scripts\\mlagents-learn config/enemy_trainer_config.yaml --run-id=EnemyAI_Build_Run_19 --env=./Build/AI_Enemy.exe --num-envs=4 --resume",
        "mlagents_version": "0.28.0",
        "mlagents_envs_version": "0.28.0",
        "communication_protocol_version": "1.5.0",
        "pytorch_version": "2.4.1+cu118",
        "numpy_version": "1.21.6",
        "end_time_seconds": "1753894448"
    },
    "total": 6737.1212028,
    "count": 1,
    "self": 0.33840409999993426,
    "children": {
        "run_training.setup": {
            "total": 0.24105549999999987,
            "count": 1,
            "self": 0.24105549999999987
        },
        "TrainerController.start_learning": {
            "total": 6736.5417432,
            "count": 1,
            "self": 10.34601860015755,
            "children": {
                "TrainerController._reset_env": {
                    "total": 5.9343907,
                    "count": 1,
                    "self": 5.9343907
                },
                "TrainerController.advance": {
                    "total": 6720.1916880998415,
                    "count": 350824,
                    "self": 8.162816000094608,
                    "children": {
                        "env_step": {
                            "total": 6451.446866499865,
                            "count": 350824,
                            "self": 423.3613686998715,
                            "children": {
                                "SubprocessEnvManager._take_step": {
                                    "total": 6020.565002199983,
                                    "count": 1001843,
                                    "self": 80.70823769977687,
                                    "children": {
                                        "TorchPolicy.evaluate": {
                                            "total": 5939.856764500206,
                                            "count": 1000168,
                                            "self": 2040.7862508004346,
                                            "children": {
                                                "TorchPolicy.sample_actions": {
                                                    "total": 3899.0705136997713,
                                                    "count": 1000168,
                                                    "self": 3899.0705136997713
                                                }
                                            }
                                        }
                                    }
                                },
                                "workers": {
                                    "total": 7.520495600011099,
                                    "count": 350824,
                                    "self": 0.0,
                                    "children": {
                                        "worker_root": {
                                            "total": 26898.54859270125,
                                            "count": 1001842,