{
    "name": "root",
    "gauges": {
        "EnemyAI.Policy.Entropy.mean": {
            "value": 1.713586449623108,
            "min": 1.713586449623108,
            "max": 2.994615077972412,
            "count": 200
        },
        "EnemyAI.Policy.Entropy.sum": {
            "value": 16776.01171875,
            "min": 16531.990234375,
            "max": 36324.6796875,
            "count": 200
        },
        "EnemyAI.Environment.EpisodeLength.mean": {
            "value": 173.4909090909091,
            "min": 159.97916666666666,
            "max": 199.77358490566039,
            "count": 200
        },
        "EnemyAI.Environment.EpisodeLength.sum": {
            "value": 9542.0,
            "min": 7679.0,
            "max": 11471.0,
            "count": 200
        },
        "EnemyAI.Step.mean": {
            "value": 1999949.0,
            "min": 9990.0,
            "max": 1999949.0,
            "count": 200
        },
        "EnemyAI.Step.sum": {
            "value": 1999949.0,
            "min": 9990.0,
            "max": 1999949.0,
            "count": 200
        },
        "EnemyAI.Policy.ExtrinsicValueEstimate.mean": {
            "value": -0.43066921830177307,
            "min": -0.715398907661438,
            "max": -0.15243631601333618,
            "count": 200
        },
        "EnemyAI.Policy.ExtrinsicValueEstimate.sum": {
            "value": -46.081607818603516,
            "min": -80.29940032958984,
            "max": -16.158248901367188,
            "count": 200
        },
        "EnemyAI.Environment.CumulativeReward.mean": {
            "value": -1.1660939141043596,
            "min": -2.5253953304555683,
            "max": -1.0653167397528887,
            "count": 200
        },
        "EnemyAI.Environment.CumulativeReward.sum": {
            "value": -65.30125918984413,
            "min": -138.0165018439293,
            "max": -53.265836987644434,
            "count": 200
        },
        "EnemyAI.Policy.ExtrinsicReward.mean": {
            "value": -1.1660939141043596,
            "min": -2.5253953304555683,
            "max": -1.0653167397528887,
            "count": 200
        },
        "EnemyAI.Policy.ExtrinsicReward.sum": {
            "value": -65.30125918984413,
            "min": -138.0165018439293,
            "max": -53.265836987644434,
            "count": 200
        },
        "EnemyAI.IsTraining.mean": {
            "value": 1.0,
            "min": 1.0,
            "max": 1.0,
            "count": 200
        },
        "EnemyAI.IsTraining.sum": {
            "value": 1.0,
            "min": 1.0,
            "max": 1.0,
            "count": 200
        },
        "EnemyAI.Losses.PolicyLoss.mean": {
            "value": 0.018510945917417605,
            "min": 0.00978156520674626,
            "max": 0.02249362658864508,
            "count": 97
        },
        "EnemyAI.Losses.PolicyLoss.sum": {
            "value": 0.018510945917417605,
            "min": 0.00978156520674626,
            "max": 0.02249362658864508,
            "count": 97
        },
        "EnemyAI.Losses.ValueLoss.mean": {
            "value": 0.004512866493314505,
            "min": 0.004267666527690987,
            "max": 0.026118426024913786,
            "count": 97
        },
        "EnemyAI.Losses.ValueLoss.sum": {
            "value": 0.004512866493314505,
            "min": 0.004267666527690987,
            "max": 0.026118426024913786,
            "count": 97
        },
        "EnemyAI.Policy.LearningRate.mean": {
            "value": 1.099599633500009e-06,
            "min": 1.099599633500009e-06,
            "max": 0.0002969088010304,
            "count": 97
        },
        "EnemyAI.Policy.LearningRate.sum": {
            "value": 1.099599633500009e-06,
            "min": 1.099599633500009e-06,
            "max": 0.0002969088010304,
            "count": 97
        },
        "EnemyAI.Policy.Epsilon.mean": {
            "value": 0.10036649999999997,
            "min": 0.10036649999999997,
            "max": 0.19896959999999997,
            "count": 97
        },
        "EnemyAI.Policy.Epsilon.sum": {
            "value": 0.10036649999999997,
            "min": 0.10036649999999997,
            "max": 0.19896959999999997,
            "count": 97
        },
        "EnemyAI.Policy.Beta.mean": {
            "value": 2.8288350000000144e-05,
            "min": 2.8288350000000144e-05,
            "max": 0.004948583040000001,
            "count": 97
        },
        "EnemyAI.Policy.Beta.sum": {
            "value": 2.8288350000000144e-05,
            "min": 2.8288350000000144e-05,
            "max": 0.004948583040000001,
            "count": 97
        }
    },
    "metadata": {
        "timer_format_version": "0.1.0",
        "start_time_seconds": "1756796898",
        "python_version": "3.8.20 (default, Oct  3 2024, 15:19:54) [MSC v.1929 64 bit (AMD64)]",
        "command_line_arguments": "C:\\Users\\User\\anaconda3\\envs\\mlagents_env\\Scripts\\mlagents-learn config/enemy_trainer_config.yaml --run-id=EnemyAI_Build_Run_21 --env=./Build/AI_Enemy.exe --num-envs=4",
        "mlagents_version": "0.28.0",
        "mlagents_envs_version": "0.28.0",
        "communication_protocol_version": "1.5.0",
        "pytorch_version": "2.4.1+cu118",
        "numpy_version": "1.21.6",
        "end_time_seconds": "1756801003"
    },
    "total": 4104.3852405,
    "count": 1,
    "self": 0.4281928999998854,
    "children": {
        "run_training.setup": {
            "total": 0.2129764999999999,
            "count": 1,
            "self": 0.2129764999999999
        },
        "TrainerController.start_learning": {
            "total": 4103.7440711,
            "count": 1,
            "self": 4.644148100021084,
            "children": {
                "TrainerController._reset_env": {
                    "total": 5.8483217,
                    "count": 1,
                    "self": 5.8483217
                },
                "TrainerController.advance": {
                    "total": 4093.141672099979,
                    "count": 179587,
                    "self": 4.109922600097889,
                    "children": {
                        "env_step": {
                            "total": 3260.1143972999057,
                            "count": 179587,
                            "self": 877.096388999907,
                            "children": {
                                "SubprocessEnvManager._take_step": {
                                    "total": 2380.3570623999344,
                                    "count": 209406,
                                    "self": 18.535192599897528,
                                    "children": {
                                        "TorchPolicy.evaluate": {
                                            "total": 2361.821869800037,
                                            "count": 200247,
                                            "self": 1093.8612149001237,
                                            "children": {
                                                "TorchPolicy.sample_actions": {
                                                    "total": 1267.9606548999132,
                                                    "count": 200247,
                                                    "self": 1267.9606548999132
                                                }
                                            }
                                        }
                                    }
                                },
                                "workers": {
                                    "total": 2.6609459000642044,
                                    "count": 179587,
                                    "self": 0.0,
                                    "children": {
                                        "worker_root": {
                                            "total": 16387.666512299766,
                                            "count": 209403,