{
    "name": "root",
    "gauges": {
        "EnemyAI.Policy.Entropy.mean": {
            "value": 2.8949759006500244,
            "min": 2.856844902038574,
            "max": 2.9703633785247803,
            "count": 80
        },
        "EnemyAI.Policy.Entropy.sum": {
            "value": 29178.462890625,
            "min": 28197.05859375,
            "max": 30202.083984375,
            "count": 80
        },
        "EnemyAI.Step.mean": {
            "value": 999961.0,
            "min": 209896.0,
            "max": 999961.0,
            "count": 80
        },
        "EnemyAI.Step.sum": {
            "value": 999961.0,
            "min": 209896.0,
            "max": 999961.0,
            "count": 80
        },
        "EnemyAI.Policy.ExtrinsicValueEstimate.mean": {
            "value": -0.5497452616691589,
            "min": -0.6041318774223328,
            "max": -0.4916873574256897,
            "count": 80
        },
        "EnemyAI.Policy.ExtrinsicValueEstimate.sum": {
            "value": -46.17860412597656,
            "min": -50.37908172607422,
            "max": -40.318363189697266,
            "count": 80
        },
        "EnemyAI.Environment.EpisodeLength.mean": {
            "value": 582.6111111111111,
            "min": 532.9,
            "max": 599.0,
            "count": 80
        },
        "EnemyAI.Environment.EpisodeLength.sum": {
            "value": 10487.0,
            "min": 8771.0,
            "max": 10771.0,
            "count": 80
        },
        "EnemyAI.Environment.CumulativeReward.mean": {
            "value": -3.732229491805329,
            "min": -4.601856348104775,
            "max": -3.0044737266082513,
            "count": 80
        },
        "EnemyAI.Environment.CumulativeReward.sum": {
            "value": -63.447901360690594,
            "min": -81.75670153647661,
            "max": -52.98090102523565,
            "count": 80
        },
        "EnemyAI.Policy.ExtrinsicReward.mean": {
            "value": -3.732229491805329,
            "min": -4.601856348104775,
            "max": -3.0044737266082513,
            "count": 80
        },
        "EnemyAI.Policy.ExtrinsicReward.sum": {
            "value": -63.447901360690594,
            "min": -81.75670153647661,
            "max": -52.98090102523565,
            "count": 80
        },
        "EnemyAI.IsTraining.mean": {
            "value": 1.0,
            "min": 1.0,
            "max": 1.0,
            "count": 80
        },
        "EnemyAI.IsTraining.sum": {
            "value": 1.0,
            "min": 1.0,
            "max": 1.0,
            "count": 80
        },
        "EnemyAI.Losses.PolicyLoss.mean": {
            "value": 0.02426226440196236,
            "min": 0.015564544685184955,
            "max": 0.03380550531049569,
            "count": 77
        },
        "EnemyAI.Losses.PolicyLoss.sum": {
            "value": 0.02426226440196236,
            "min": 0.015564544685184955,
            "max": 0.03380550531049569,
            "count": 77
        },
        "EnemyAI.Losses.ValueLoss.mean": {
            "value": 0.012350117042660713,
            "min": 0.007963383104652166,
            "max": 0.016982531423370043,
            "count": 77
        },
        "EnemyAI.Losses.ValueLoss.sum": {
            "value": 0.012350117042660713,
            "min": 0.007963383104652166,
            "max": 0.016982531423370043,
            "count": 77
        },
        "EnemyAI.Policy.LearningRate.mean": {
            "value": 1.8504993831999852e-06,
            "min": 1.8504993831999852e-06,
            "max": 0.00023687762104080003,
            "count": 77
        },
        "EnemyAI.Policy.LearningRate.sum": {
            "value": 1.8504993831999852e-06,
            "min": 1.8504993831999852e-06,
            "max": 0.00023687762104080003,
            "count": 77
        },
        "EnemyAI.Policy.Epsilon.mean": {
            "value": 0.10061680000000002,
            "min": 0.10061680000000002,
            "max": 0.1789592000000001,
            "count": 77
        },
        "EnemyAI.Policy.Epsilon.sum": {
            "value": 0.10061680000000002,
            "min": 0.10061680000000002,
            "max": 0.1789592000000001,
            "count": 77
        },
        "EnemyAI.Policy.Beta.mean": {
            "value": 4.077831999999977e-05,
            "min": 4.077831999999977e-05,
            "max": 0.003950064079999999,
            "count": 77
        },
        "EnemyAI.Policy.Beta.sum": {
            "value": 4.077831999999977e-05,
            "min": 4.077831999999977e-05,
            "max": 0.003950064079999999,
            "count": 77
        }
    },
    "metadata": {
        "timer_format_version": "0.1.0",
        "start_time_seconds": "1753707844",
        "python_version": "3.8.20 (default, Oct  3 2024, 15:19:54) [MSC v.1929 64 bit (AMD64)]",
        "command_line_arguments": "C:\\Users\\User\\anaconda3\\envs\\mlagents_env\\Scripts\\mlagents-learn config/enemy_trainer_config.yaml --run-id=EnemyAI_Build_Run_14 --env=./Build/AI_Enemy.exe --num-envs=4 --resume",
        "mlagents_version": "0.28.0",
        "mlagents_envs_version": "0.28.0",
        "communication_protocol_version": "1.5.0",
        "pytorch_version": "2.4.1+cu118",
        "numpy_version": "1.21.6",
        "end_time_seconds": "1753714205"
    },
    "total": 6362.2145612,
    "count": 1,
    "self": 0.35667389999980514,
    "children": {
        "run_training.setup": {
            "total": 0.22886800000000007,
            "count": 1,
            "self": 0.22886800000000007
        },
        "TrainerController.start_learning": {
            "total": 6361.6290193,
            "count": 1,
            "self": 7.727553800120404,
            "children": {
                "TrainerController._reset_env": {
                    "total": 5.6186055,
                    "count": 1,
                    "self": 5.6186055
                },
                "TrainerController.advance": {
                    "total": 6348.224808999879,
                    "count": 302186,
                    "self": 5.854695799771434,
                    "children": {
                        "env_step": {
                            "total": 6102.0874678001965,
                            "count": 302186,
                            "self": 309.6063540998366,
                            "children": {
                                "SubprocessEnvManager._take_step": {
                                    "total": 5786.666441700229,
                                    "count": 801179,
                                    "self": 54.43771670021397,
                                    "children": {
                                        "TorchPolicy.evaluate": {
                                            "total": 5732.228725000015,
                                            "count": 800135,
                                            "self": 2305.0906229997713,
                                            "children": {
                                                "TorchPolicy.sample_actions": {
                                                    "total": 3427.138102000244,
                                                    "count": 800135,
                                                    "self": 3427.138102000244
                                                }
                                            }
                                        }
                                    }
                                },
                                "workers": {
                                    "total": 5.814672000130485,
                                    "count": 302186,
                                    "self": 0.0,
                                    "children": {
                                        "worker_root": {
                                            "total": 25406.372009401297,
                                            "count": 801178,