{
    "name": "root",
    "gauges": {
        "EnemyAI.Policy.Entropy.mean": {
            "value": 0.6506644487380981,
            "min": 0.6271461844444275,
            "max": 0.8614345192909241,
            "count": 473
        },
        "EnemyAI.Policy.Entropy.sum": {
            "value": 32390.076171875,
            "min": 31633.25390625,
            "max": 42996.38671875,
            "count": 473
        },
        "EnemyAI.Environment.EpisodeLength.mean": {
            "value": 106.12205567451821,
            "min": 102.4659793814433,
            "max": 109.13876651982379,
            "count": 473
        },
        "EnemyAI.Environment.EpisodeLength.sum": {
            "value": 49559.0,
            "min": 35127.0,
            "max": 49752.0,
            "count": 473
        },
        "EnemyAI.Step.mean": {
            "value": 29999950.0,
            "min": 6399976.0,
            "max": 29999950.0,
            "count": 473
        },
        "EnemyAI.Step.sum": {
            "value": 29999950.0,
            "min": 6399976.0,
            "max": 29999950.0,
            "count": 473
        },
        "EnemyAI.Policy.ExtrinsicValueEstimate.mean": {
            "value": 2.114156484603882,
            "min": 1.8211718797683716,
            "max": 2.1540918350219727,
            "count": 473
        },
        "EnemyAI.Policy.ExtrinsicValueEstimate.sum": {
            "value": 987.31103515625,
            "min": 598.8614501953125,
            "max": 1027.512939453125,
            "count": 473
        },
        "EnemyAI.Environment.CumulativeReward.mean": {
            "value": 4.973501351711837,
            "min": 4.393832884501162,
            "max": 5.054380032975795,
            "count": 473
        },
        "EnemyAI.Environment.CumulativeReward.sum": {
            "value": 2322.625131249428,
            "min": 1443.3337889909744,
            "max": 2431.8076194524765,
            "count": 473
        },
        "EnemyAI.Policy.ExtrinsicReward.mean": {
            "value": 4.973501351711837,
            "min": 4.393832884501162,
            "max": 5.054380032975795,
            "count": 473
        },
        "EnemyAI.Policy.ExtrinsicReward.sum": {
            "value": 2322.625131249428,
            "min": 1443.3337889909744,
            "max": 2431.8076194524765,
            "count": 473
        },
        "EnemyAI.IsTraining.mean": {
            "value": 1.0,
            "min": 1.0,
            "max": 1.0,
            "count": 473
        },
        "EnemyAI.IsTraining.sum": {
            "value": 1.0,
            "min": 1.0,
            "max": 1.0,
            "count": 473
        },
        "EnemyAI.Losses.PolicyLoss.mean": {
            "value": 0.011993866829046358,
            "min": 0.007523659391639134,
            "max": 0.01737077085611721,
            "count": 472
        },
        "EnemyAI.Losses.PolicyLoss.sum": {
            "value": 0.023987733658092716,
            "min": 0.007523659391639134,
            "max": 0.03112187253621717,
            "count": 472
        },
        "EnemyAI.Losses.ValueLoss.mean": {
            "value": 0.05738309100270271,
            "min": 0.051371764640013376,
            "max": 0.06926651348670324,
            "count": 472
        },
        "EnemyAI.Losses.ValueLoss.sum": {
            "value": 0.11476618200540542,
            "min": 0.051371764640013376,
            "max": 0.13592450221379598,
            "count": 472
        },
        "EnemyAI.Policy.LearningRate.mean": {
            "value": 2.6684491108498483e-07,
            "min": 2.6684491108498483e-07,
            "max": 0.00023573928142024673,
            "count": 472
        },
        "EnemyAI.Policy.LearningRate.sum": {
            "value": 5.336898221699697e-07,
            "min": 5.336898221699697e-07,
            "max": 0.00047147856284049345,
            "count": 472
        },
        "EnemyAI.Policy.Epsilon.mean": {
            "value": 0.100088915,
            "min": 0.100088915,
            "max": 0.17857975333333337,
            "count": 472
        },
        "EnemyAI.Policy.Epsilon.sum": {
            "value": 0.20017783,
            "min": 0.10029402000000004,
            "max": 0.35715950666666674,
            "count": 472
        },
        "EnemyAI.Policy.Beta.mean": {
            "value": 1.4436858499999746e-05,
            "min": 1.4436858499999746e-05,
            "max": 0.003931129691333334,
            "count": 472
        },
        "EnemyAI.Policy.Beta.sum": {
            "value": 2.8873716999999493e-05,
            "min": 2.467159799999975e-05,
            "max": 0.007862259382666667,
            "count": 472
        }
    },
    "metadata": {
        "timer_format_version": "0.1.0",
        "start_time_seconds": "1759256811",
        "python_version": "3.8.20 (default, Oct  3 2024, 15:19:54) [MSC v.1929 64 bit (AMD64)]",
        "command_line_arguments": "C:\\Users\\User\\anaconda3\\envs\\mlagents_env\\Scripts\\mlagents-learn config/enemy_attack_trainer_config.yaml --run-id=EnemyAI_Attack_Run_30 --env=./Build/AttackTraining/AI_Enemy.exe --num-envs=4 --resume",
        "mlagents_version": "0.28.0",
        "mlagents_envs_version": "0.28.0",
        "communication_protocol_version": "1.5.0",
        "pytorch_version": "2.4.1+cu118",
        "numpy_version": "1.21.6",
        "end_time_seconds": "1759278949"
    },
    "total": 22137.9849268,
    "count": 1,
    "self": 0.4910098999971524,
    "children": {
        "run_training.setup": {
            "total": 0.2176608,
            "count": 1,
            "self": 0.2176608
        },
        "TrainerController.start_learning": {
            "total": 22137.2762561,
            "count": 1,
            "self": 31.721084101562155,
            "children": {
                "TrainerController._reset_env": {
                    "total": 5.601838300000001,
                    "count": 1,
                    "self": 5.601838300000001
                },
                "TrainerController.advance": {
                    "total": 22099.834467998437,
                    "count": 1006190,
                    "self": 27.5643218972873,
                    "children": {
                        "env_step": {
                            "total": 13278.889394300673,
                            "count": 1006190,
                            "self": 2099.3518827035114,
                            "children": {
                                "SubprocessEnvManager._take_step": {
                                    "total": 11159.656555397283,
                                    "count": 2557914,
                                    "self": 134.71777119658145,
                                    "children": {
                                        "TorchPolicy.evaluate": {
                                            "total": 11024.938784200702,
                                            "count": 2363749,
                                            "self": 3119.82099390035,
                                            "children": {
                                                "TorchPolicy.sample_actions": {
                                                    "total": 7905.117790300352,
                                                    "count": 2363749,
                                                    "self": 7905.117790300352
                                                }
                                            }
                                        }
                                    }
                                },
                                "workers": {
                                    "total": 19.88095619987791,
                                    "count": 1006190,
                                    "self": 0.0,
                                    "children": {
                                        "worker_root": {
                                            "total": 88473.5924703038,