{
    "name": "root",
    "gauges": {
        "EnemyAI.Policy.Entropy.mean": {
            "value": 1.554410696029663,
            "min": 1.527958869934082,
            "max": 2.9862756729125977,
            "count": 200
        },
        "EnemyAI.Policy.Entropy.sum": {
            "value": 15439.9609375,
            "min": 15247.19921875,
            "max": 30414.9609375,
            "count": 200
        },
        "EnemyAI.Step.mean": {
            "value": 1999966.0,
            "min": 9896.0,
            "max": 1999966.0,
            "count": 200
        },
        "EnemyAI.Step.sum": {
            "value": 1999966.0,
            "min": 9896.0,
            "max": 1999966.0,
            "count": 200
        },
        "EnemyAI.Policy.ExtrinsicValueEstimate.mean": {
            "value": 0.26689857244491577,
            "min": -0.6465116739273071,
            "max": 2.440263271331787,
            "count": 200
        },
        "EnemyAI.Policy.ExtrinsicValueEstimate.sum": {
            "value": 23.75397300720215,
            "min": -54.65874481201172,
            "max": 200.10159301757812,
            "count": 200
        },
        "EnemyAI.Environment.EpisodeLength.mean": {
            "value": 417.5652173913044,
            "min": 302.3636363636364,
            "max": 599.0,
            "count": 200
        },
        "EnemyAI.Environment.EpisodeLength.sum": {
            "value": 9604.0,
            "min": 8865.0,
            "max": 11699.0,
            "count": 200
        },
        "EnemyAI.Environment.CumulativeReward.mean": {
            "value": 1.2036347390840882,
            "min": -9.014865214333815,
            "max": 2.028829268538035,
            "count": 200
        },
        "EnemyAI.Environment.CumulativeReward.sum": {
            "value": 27.68359899893403,
            "min": -153.25270864367485,
            "max": 64.19960478693247,
            "count": 200
        },
        "EnemyAI.Policy.ExtrinsicReward.mean": {
            "value": 1.2036347390840882,
            "min": -9.014865214333815,
            "max": 2.028829268538035,
            "count": 200
        },
        "EnemyAI.Policy.ExtrinsicReward.sum": {
            "value": 27.68359899893403,
            "min": -153.25270864367485,
            "max": 64.19960478693247,
            "count": 200
        },
        "EnemyAI.IsTraining.mean": {
            "value": 1.0,
            "min": 1.0,
            "max": 1.0,
            "count": 200
        },
        "EnemyAI.IsTraining.sum": {
            "value": 1.0,
            "min": 1.0,
            "max": 1.0,
            "count": 200
        },
        "EnemyAI.Losses.PolicyLoss.mean": {
            "value": 0.014566277836759884,
            "min": 0.011466767049084108,
            "max": 0.02447735861254235,
            "count": 97
        },
        "EnemyAI.Losses.PolicyLoss.sum": {
            "value": 0.014566277836759884,
            "min": 0.011466767049084108,
            "max": 0.02447735861254235,
            "count": 97
        },
        "EnemyAI.Losses.ValueLoss.mean": {
            "value": 0.03418977955977122,
            "min": 0.027376124759515126,
            "max": 0.8158111532529195,
            "count": 97
        },
        "EnemyAI.Losses.ValueLoss.sum": {
            "value": 0.03418977955977122,
            "min": 0.027376124759515126,
            "max": 0.8158111532529195,
            "count": 97
        },
        "EnemyAI.Policy.LearningRate.mean": {
            "value": 1.032099656e-06,
            "min": 1.032099656e-06,
            "max": 0.0002969088010304,
            "count": 97
        },
        "EnemyAI.Policy.LearningRate.sum": {
            "value": 1.032099656e-06,
            "min": 1.032099656e-06,
            "max": 0.0002969088010304,
            "count": 97
        },
        "EnemyAI.Policy.Epsilon.mean": {
            "value": 0.10034400000000004,
            "min": 0.10034400000000004,
            "max": 0.19896959999999997,
            "count": 97
        },
        "EnemyAI.Policy.Epsilon.sum": {
            "value": 0.10034400000000004,
            "min": 0.10034400000000004,
            "max": 0.19896959999999997,
            "count": 97
        },
        "EnemyAI.Policy.Beta.mean": {
            "value": 2.7165599999999996e-05,
            "min": 2.7165599999999996e-05,
            "max": 0.004948583040000001,
            "count": 97
        },
        "EnemyAI.Policy.Beta.sum": {
            "value": 2.7165599999999996e-05,
            "min": 2.7165599999999996e-05,
            "max": 0.004948583040000001,
            "count": 97
        }
    },
    "metadata": {
        "timer_format_version": "0.1.0",
        "start_time_seconds": "1753866594",
        "python_version": "3.8.20 (default, Oct  3 2024, 15:19:54) [MSC v.1929 64 bit (AMD64)]",
        "command_line_arguments": "C:\\Users\\User\\anaconda3\\envs\\mlagents_env\\Scripts\\mlagents-learn config/enemy_trainer_config.yaml --run-id=EnemyAI_Build_Run_18 --env=./Build/AI_Enemy.exe --num-envs=4",
        "mlagents_version": "0.28.0",
        "mlagents_envs_version": "0.28.0",
        "communication_protocol_version": "1.5.0",
        "pytorch_version": "2.4.1+cu118",
        "numpy_version": "1.21.6",
        "end_time_seconds": "1753874634"
    },
    "total": 8040.3497071,
    "count": 1,
    "self": 0.30070940000041446,
    "children": {
        "run_training.setup": {
            "total": 0.2330597000000001,
            "count": 1,
            "self": 0.2330597000000001
        },
        "TrainerController.start_learning": {
            "total": 8039.815938,
            "count": 1,
            "self": 20.0494048999999,
            "children": {
                "TrainerController._reset_env": {
                    "total": 6.0837362,
                    "count": 1,
                    "self": 6.0837362
                },
                "TrainerController.advance": {
                    "total": 8013.6153464,
                    "count": 785151,
                    "self": 15.262354700385004,
                    "children": {
                        "env_step": {
                            "total": 7609.118489699667,
                            "count": 785151,
                            "self": 683.2083216000146,
                            "children": {
                                "SubprocessEnvManager._take_step": {
                                    "total": 6911.8100567999445,
                                    "count": 2002956,
                                    "self": 102.86107449997417,
                                    "children": {
                                        "TorchPolicy.evaluate": {
                                            "total": 6808.94898229997,
                                            "count": 2000158,
                                            "self": 1890.5159992002164,
                                            "children": {
                                                "TorchPolicy.sample_actions": {
                                                    "total": 4918.432983099754,
                                                    "count": 2000158,
                                                    "self": 4918.432983099754
                                                }
                                            }
                                        }
                                    }
                                },
                                "workers": {
                                    "total": 14.100111299708326,
                                    "count": 785151,
                                    "self": 0.0,
                                    "children": {
                                        "worker_root": {
                                            "total": 32094.803257397656,
                                            "count": 2002955,
                                            "is_parallel": true,