{
    "name": "root",
    "gauges": {
        "EnemyAI.Policy.Entropy.mean": {
            "value": 2.1161065101623535,
            "min": 2.0672988891601562,
            "max": 2.9951231479644775,
            "count": 100
        },
        "EnemyAI.Policy.Entropy.sum": {
            "value": 20483.912109375,
            "min": 19669.109375,
            "max": 36270.94140625,
            "count": 100
        },
        "EnemyAI.Environment.EpisodeLength.mean": {
            "value": 186.69811320754718,
            "min": 153.22,
            "max": 202.9387755102041,
            "count": 100
        },
        "EnemyAI.Environment.EpisodeLength.sum": {
            "value": 9895.0,
            "min": 7661.0,
            "max": 11355.0,
            "count": 100
        },
        "EnemyAI.Step.mean": {
            "value": 999920.0,
            "min": 9887.0,
            "max": 999920.0,
            "count": 100
        },
        "EnemyAI.Step.sum": {
            "value": 999920.0,
            "min": 9887.0,
            "max": 999920.0,
            "count": 100
        },
        "EnemyAI.Policy.ExtrinsicValueEstimate.mean": {
            "value": -0.2753143012523651,
            "min": -0.7906563878059387,
            "max": -0.26734840869903564,
            "count": 100
        },
        "EnemyAI.Policy.ExtrinsicValueEstimate.sum": {
            "value": -28.632686614990234,
            "min": -89.26612854003906,
            "max": -28.632686614990234,
            "count": 100
        },
        "EnemyAI.Environment.CumulativeReward.mean": {
            "value": -0.7543403951881024,
            "min": -3.181111958791625,
            "max": -0.5928939222716368,
            "count": 100
        },
        "EnemyAI.Environment.CumulativeReward.sum": {
            "value": -39.22570054978132,
            "min": -174.0087127685547,
            "max": -30.830483958125114,
            "count": 100
        },
        "EnemyAI.Policy.ExtrinsicReward.mean": {
            "value": -0.7543403951881024,
            "min": -3.181111958791625,
            "max": -0.5928939222716368,
            "count": 100
        },
        "EnemyAI.Policy.ExtrinsicReward.sum": {
            "value": -39.22570054978132,
            "min": -174.0087127685547,
            "max": -30.830483958125114,
            "count": 100
        },
        "EnemyAI.IsTraining.mean": {
            "value": 1.0,
            "min": 1.0,
            "max": 1.0,
            "count": 100
        },
        "EnemyAI.IsTraining.sum": {
            "value": 1.0,
            "min": 1.0,
            "max": 1.0,
            "count": 100
        },
        "EnemyAI.Losses.PolicyLoss.mean": {
            "value": 0.013116334130366643,
            "min": 0.011855496466159821,
            "max": 0.020967515123387178,
            "count": 48
        },
        "EnemyAI.Losses.PolicyLoss.sum": {
            "value": 0.013116334130366643,
            "min": 0.011855496466159821,
            "max": 0.020967515123387178,
            "count": 48
        },
        "EnemyAI.Losses.ValueLoss.mean": {
            "value": 0.014667692966759205,
            "min": 0.012576407908151547,
            "max": 0.05311514014999072,
            "count": 48
        },
        "EnemyAI.Losses.ValueLoss.sum": {
            "value": 0.014667692966759205,
            "min": 0.012576407908151547,
            "max": 0.05311514014999072,
            "count": 48
        },
        "EnemyAI.Policy.LearningRate.mean": {
            "value": 4.326098557999998e-06,
            "min": 4.326098557999998e-06,
            "max": 0.00029383680205440006,
            "count": 48
        },
        "EnemyAI.Policy.LearningRate.sum": {
            "value": 4.326098557999998e-06,
            "min": 4.326098557999998e-06,
            "max": 0.00029383680205440006,
            "count": 48
        },
        "EnemyAI.Policy.Epsilon.mean": {
            "value": 0.101442,
            "min": 0.101442,
            "max": 0.19794559999999997,
            "count": 48
        },
        "EnemyAI.Policy.Epsilon.sum": {
            "value": 0.101442,
            "min": 0.101442,
            "max": 0.19794559999999997,
            "count": 48
        },
        "EnemyAI.Policy.Beta.mean": {
            "value": 8.195579999999999e-05,
            "min": 8.195579999999999e-05,
            "max": 0.004897485439999998,
            "count": 48
        },
        "EnemyAI.Policy.Beta.sum": {
            "value": 8.195579999999999e-05,
            "min": 8.195579999999999e-05,
            "max": 0.004897485439999998,
            "count": 48
        }
    },
    "metadata": {
        "timer_format_version": "0.1.0",
        "start_time_seconds": "1754296942",
        "python_version": "3.8.20 (default, Oct  3 2024, 15:19:54) [MSC v.1929 64 bit (AMD64)]",
        "command_line_arguments": "C:\\Users\\User\\anaconda3\\envs\\mlagents_env\\Scripts\\mlagents-learn config/enemy_trainer_config.yaml --run-id=EnemyAI_Build_Run_20 --env=./Build/AI_Enemy.exe --num-envs=4 --force",
        "mlagents_version": "0.28.0",
        "mlagents_envs_version": "0.28.0",
        "communication_protocol_version": "1.5.0",
        "pytorch_version": "2.4.1+cu118",
        "numpy_version": "1.21.6",
        "end_time_seconds": "1754298103"
    },
    "total": 1160.5818314,
    "count": 1,
    "self": 0.32891799999993054,
    "children": {
        "run_training.setup": {
            "total": 0.22502259999999996,
            "count": 1,
            "self": 0.22502259999999996
        },
        "TrainerController.start_learning": {
            "total": 1160.0278908,
            "count": 1,
            "self": 2.316212299990866,
            "children": {
                "TrainerController._reset_env": {
                    "total": 6.2106947,
                    "count": 1,
                    "self": 6.2106947
                },
                "TrainerController.advance": {
                    "total": 1151.4481107000092,
                    "count": 96938,
                    "self": 2.24067020000507,
                    "children": {
                        "env_step": {
                            "total": 900.4895544999896,
                            "count": 96938,
                            "self": 444.91713169997246,
                            "children": {
                                "SubprocessEnvManager._take_step": {
                                    "total": 454.16777040001875,
                                    "count": 104790,
                                    "self": 7.447150400037003,
                                    "children": {
                                        "TorchPolicy.evaluate": {
                                            "total": 446.72061999998175,
                                            "count": 100210,
                                            "self": 121.84632499999441,
                                            "children": {
                                                "TorchPolicy.sample_actions": {
                                                    "total": 324.87429499998734,
                                                    "count": 100210,
                                                    "self": 324.87429499998734
                                                }
                                            }
                                        }
                                    }
                                },
                                "workers": {
                                    "total": 1.4046523999983727,
                                    "count": 96938,
                                    "self": 0.0,
                                    "children": {
                                        "worker_root": {
                                            "total": 4614.659055499997,
                                            "count": 104787,