{
    "name": "root",
    "gauges": {
        "EnemyAI.Policy.Entropy.mean": {
            "value": 1.7545890808105469,
            "min": 1.733620047569275,
            "max": 3.197131395339966,
            "count": 100
        },
        "EnemyAI.Policy.Entropy.sum": {
            "value": 87589.0859375,
            "min": 86681.0,
            "max": 166954.203125,
            "count": 100
        },
        "EnemyAI.Environment.EpisodeLength.mean": {
            "value": 195.73828125,
            "min": 154.23529411764707,
            "max": 208.86122448979592,
            "count": 100
        },
        "EnemyAI.Environment.EpisodeLength.sum": {
            "value": 50109.0,
            "min": 47691.0,
            "max": 51209.0,
            "count": 100
        },
        "EnemyAI.Step.mean": {
            "value": 4999965.0,
            "min": 49988.0,
            "max": 4999965.0,
            "count": 100
        },
        "EnemyAI.Step.sum": {
            "value": 4999965.0,
            "min": 49988.0,
            "max": 4999965.0,
            "count": 100
        },
        "EnemyAI.Policy.ExtrinsicValueEstimate.mean": {
            "value": -0.7956929802894592,
            "min": -1.3262805938720703,
            "max": -0.7956929802894592,
            "count": 100
        },
        "EnemyAI.Policy.ExtrinsicValueEstimate.sum": {
            "value": -419.3302001953125,
            "min": -701.6024169921875,
            "max": -413.59033203125,
            "count": 100
        },
        "EnemyAI.Environment.CumulativeReward.mean": {
            "value": -2.2438087156875937,
            "min": -4.155565667007616,
            "max": -2.2009057606171285,
            "count": 100
        },
        "EnemyAI.Environment.CumulativeReward.sum": {
            "value": -576.6588399317116,
            "min": -1050.4143792688847,
            "max": -539.0772163998336,
            "count": 100
        },
        "EnemyAI.Policy.ExtrinsicReward.mean": {
            "value": -2.2438087156875937,
            "min": -4.155565667007616,
            "max": -2.2009057606171285,
            "count": 100
        },
        "EnemyAI.Policy.ExtrinsicReward.sum": {
            "value": -576.6588399317116,
            "min": -1050.4143792688847,
            "max": -539.0772163998336,
            "count": 100
        },
        "EnemyAI.Losses.PolicyLoss.mean": {
            "value": 0.024694910378505786,
            "min": 0.020140075357630852,
            "max": 0.02881637344447275,
            "count": 100
        },
        "EnemyAI.Losses.PolicyLoss.sum": {
            "value": 0.12347455189252893,
            "min": 0.08056030143052341,
            "max": 0.14408186722236374,
            "count": 100
        },
        "EnemyAI.Losses.ValueLoss.mean": {
            "value": 0.03613822932044665,
            "min": 0.021522364784032105,
            "max": 0.04346577610510091,
            "count": 100
        },
        "EnemyAI.Losses.ValueLoss.sum": {
            "value": 0.18069114660223323,
            "min": 0.0968598106255134,
            "max": 0.1880429374674956,
            "count": 100
        },
        "EnemyAI.Policy.LearningRate.mean": {
            "value": 1.5262114912959996e-06,
            "min": 1.5262114912959996e-06,
            "max": 0.00029845492551502494,
            "count": 100
        },
        "EnemyAI.Policy.LearningRate.sum": {
            "value": 7.631057456479999e-06,
            "min": 7.631057456479999e-06,
            "max": 0.0014783335872221401,
            "count": 100
        },
        "EnemyAI.Policy.Epsilon.mean": {
            "value": 0.100508704,
            "min": 0.100508704,
            "max": 0.19948497500000004,
            "count": 100
        },
        "EnemyAI.Policy.Epsilon.sum": {
            "value": 0.50254352,
            "min": 0.41397964,
            "max": 0.9927778600000002,
            "count": 100
        },
        "EnemyAI.Policy.Beta.mean": {
            "value": 3.5384329599999995e-05,
            "min": 3.5384329599999995e-05,
            "max": 0.0049743002525,
            "count": 100
        },
        "EnemyAI.Policy.Beta.sum": {
            "value": 0.00017692164799999998,
            "min": 0.00017692164799999998,
            "max": 0.024639615214000002,
            "count": 100
        },
        "EnemyAI.IsTraining.mean": {
            "value": 1.0,
            "min": 1.0,
            "max": 1.0,
            "count": 100
        },
        "EnemyAI.IsTraining.sum": {
            "value": 1.0,
            "min": 1.0,
            "max": 1.0,
            "count": 100
        }
    },
    "metadata": {
        "timer_format_version": "0.1.0",
        "start_time_seconds": "1758024122",
        "python_version": "3.8.20 (default, Oct  3 2024, 15:19:54) [MSC v.1929 64 bit (AMD64)]",
        "command_line_arguments": "C:\\Users\\User\\anaconda3\\envs\\mlagents_env\\Scripts\\mlagents-learn config/enemy_attack_trainer_config.yaml --run-id=EnemyAI_Attack_Run_13 --env=./Build/AttackTraining/AI_Enemy.exe --num-envs=4",
        "mlagents_version": "0.28.0",
        "mlagents_envs_version": "0.28.0",
        "communication_protocol_version": "1.5.0",
        "pytorch_version": "2.4.1+cu118",
        "numpy_version": "1.21.6",
        "end_time_seconds": "1758032349"
    },
    "total": 8227.1212403,
    "count": 1,
    "self": 0.3675677999999607,
    "children": {
        "run_training.setup": {
            "total": 0.22341860000000024,
            "count": 1,
            "self": 0.22341860000000024
        },
        "TrainerController.start_learning": {
            "total": 8226.5302539,
            "count": 1,
            "self": 13.203880499886509,
            "children": {
                "TrainerController._reset_env": {
                    "total": 5.935582800000001,
                    "count": 1,
                    "self": 5.935582800000001
                },
                "TrainerController.advance": {
                    "total": 8207.314267800113,
                    "count": 455278,
                    "self": 12.35148940023646,
                    "children": {
                        "env_step": {
                            "total": 6123.052831900109,
                            "count": 455278,
                            "self": 1810.7355467997377,
                            "children": {
                                "SubprocessEnvManager._take_step": {
                                    "total": 4305.00413940025,
                                    "count": 521350,
                                    "self": 50.92472390062903,
                                    "children": {
                                        "TorchPolicy.evaluate": {
                                            "total": 4254.079415499621,
                                            "count": 500241,
                                            "self": 1686.4864810995941,
                                            "children": {
                                                "TorchPolicy.sample_actions": {
                                                    "total": 2567.592934400027,
                                                    "count": 500241,
                                                    "self": 2567.592934400027
                                                }
                                            }
                                        }
                                    }
                                },
                                "workers": {
                                    "total": 7.313145700120684,
                                    "count": 455278,
                                    "self": 0.0,
                                    "children": {
                                        "worker_root": {
                                            "total": 32869.54137309996,
                                            "count": 521348,