{
    "name": "root",
    "gauges": {
        "EnemyAI.Policy.Entropy.mean": {
            "value": 2.0015172958374023,
            "min": 1.948511004447937,
            "max": 2.9950268268585205,
            "count": 100
        },
        "EnemyAI.Policy.Entropy.sum": {
            "value": 20275.37109375,
            "min": 18692.791015625,
            "max": 36898.73046875,
            "count": 100
        },
        "EnemyAI.Environment.EpisodeLength.mean": {
            "value": 178.44642857142858,
            "min": 162.86274509803923,
            "max": 193.35849056603774,
            "count": 100
        },
        "EnemyAI.Environment.EpisodeLength.sum": {
            "value": 9993.0,
            "min": 8306.0,
            "max": 11610.0,
            "count": 100
        },
        "EnemyAI.Step.mean": {
            "value": 999959.0,
            "min": 9977.0,
            "max": 999959.0,
            "count": 100
        },
        "EnemyAI.Step.sum": {
            "value": 999959.0,
            "min": 9977.0,
            "max": 999959.0,
            "count": 100
        },
        "EnemyAI.Policy.ExtrinsicValueEstimate.mean": {
            "value": -0.3479762673377991,
            "min": -0.642129123210907,
            "max": 0.2769932746887207,
            "count": 100
        },
        "EnemyAI.Policy.ExtrinsicValueEstimate.sum": {
            "value": -38.97334289550781,
            "min": -73.20272064208984,
            "max": 30.746253967285156,
            "count": 100
        },
        "EnemyAI.Environment.CumulativeReward.mean": {
            "value": -0.8800784444944425,
            "min": -3.327879199333358,
            "max": -0.8183378177832384,
            "count": 100
        },
        "EnemyAI.Environment.CumulativeReward.sum": {
            "value": -48.40431444719434,
            "min": -189.68911436200142,
            "max": -41.336875565350056,
            "count": 100
        },
        "EnemyAI.Policy.ExtrinsicReward.mean": {
            "value": -0.8800784444944425,
            "min": -3.327879199333358,
            "max": -0.8183378177832384,
            "count": 100
        },
        "EnemyAI.Policy.ExtrinsicReward.sum": {
            "value": -48.40431444719434,
            "min": -189.68911436200142,
            "max": -41.336875565350056,
            "count": 100
        },
        "EnemyAI.IsTraining.mean": {
            "value": 1.0,
            "min": 1.0,
            "max": 1.0,
            "count": 100
        },
        "EnemyAI.IsTraining.sum": {
            "value": 1.0,
            "min": 1.0,
            "max": 1.0,
            "count": 100
        },
        "EnemyAI.Losses.PolicyLoss.mean": {
            "value": 0.014370935270562768,
            "min": 0.012211783137172461,
            "max": 0.023329218461488683,
            "count": 48
        },
        "EnemyAI.Losses.PolicyLoss.sum": {
            "value": 0.014370935270562768,
            "min": 0.012211783137172461,
            "max": 0.023329218461488683,
            "count": 48
        },
        "EnemyAI.Losses.ValueLoss.mean": {
            "value": 0.0072896645249178015,
            "min": 0.006041017531727751,
            "max": 0.05244743389387926,
            "count": 48
        },
        "EnemyAI.Losses.ValueLoss.sum": {
            "value": 0.0072896645249178015,
            "min": 0.006041017531727751,
            "max": 0.05244743389387926,
            "count": 48
        },
        "EnemyAI.Policy.LearningRate.mean": {
            "value": 4.200098600000002e-06,
            "min": 4.200098600000002e-06,
            "max": 0.00029384520205160005,
            "count": 48
        },
        "EnemyAI.Policy.LearningRate.sum": {
            "value": 4.200098600000002e-06,
            "min": 4.200098600000002e-06,
            "max": 0.00029384520205160005,
            "count": 48
        },
        "EnemyAI.Policy.Epsilon.mean": {
            "value": 0.10139999999999999,
            "min": 0.10139999999999999,
            "max": 0.19794839999999994,
            "count": 48
        },
        "EnemyAI.Policy.Epsilon.sum": {
            "value": 0.10139999999999999,
            "min": 0.10139999999999999,
            "max": 0.19794839999999994,
            "count": 48
        },
        "EnemyAI.Policy.Beta.mean": {
            "value": 7.986000000000009e-05,
            "min": 7.986000000000009e-05,
            "max": 0.00489762516,
            "count": 48
        },
        "EnemyAI.Policy.Beta.sum": {
            "value": 7.986000000000009e-05,
            "min": 7.986000000000009e-05,
            "max": 0.00489762516,
            "count": 48
        }
    },
    "metadata": {
        "timer_format_version": "0.1.0",
        "start_time_seconds": "1756814092",
        "python_version": "3.8.20 (default, Oct  3 2024, 15:19:54) [MSC v.1929 64 bit (AMD64)]",
        "command_line_arguments": "C:\\Users\\User\\anaconda3\\envs\\mlagents_env\\Scripts\\mlagents-learn config/enemy_trainer_config.yaml --run-id=EnemyAI_Build_Run_23 --env=./Build/AI_Enemy.exe --num-envs=4 --force",
        "mlagents_version": "0.28.0",
        "mlagents_envs_version": "0.28.0",
        "communication_protocol_version": "1.5.0",
        "pytorch_version": "2.4.1+cu118",
        "numpy_version": "1.21.6",
        "end_time_seconds": "1756816383"
    },
    "total": 2291.6437263999997,
    "count": 1,
    "self": 0.4416115999997601,
    "children": {
        "run_training.setup": {
            "total": 0.2062858999999999,
            "count": 1,
            "self": 0.2062858999999999
        },
        "TrainerController.start_learning": {
            "total": 2290.9958289,
            "count": 1,
            "self": 2.276507500007938,
            "children": {
                "TrainerController._reset_env": {
                    "total": 5.7159148,
                    "count": 1,
                    "self": 5.7159148
                },
                "TrainerController.advance": {
                    "total": 2282.908496499992,
                    "count": 90987,
                    "self": 2.0510610999758683,
                    "children": {
                        "env_step": {
                            "total": 1851.0024881000115,
                            "count": 90987,
                            "self": 577.7391495999811,
                            "children": {
                                "SubprocessEnvManager._take_step": {
                                    "total": 1271.9107452000255,
                                    "count": 104807,
                                    "self": 9.053920700061326,
                                    "children": {
                                        "TorchPolicy.evaluate": {
                                            "total": 1262.8568244999642,
                                            "count": 100214,
                                            "self": 587.3476799000346,
                                            "children": {
                                                "TorchPolicy.sample_actions": {
                                                    "total": 675.5091445999296,
                                                    "count": 100214,
                                                    "self": 675.5091445999296
                                                }
                                            }
                                        }
                                    }
                                },
                                "workers": {
                                    "total": 1.3525933000047887,
                                    "count": 90987,
                                    "self": 0.0,
                                    "children": {
                                        "worker_root": {
                                            "total": 9140.23177480005,
                                            "count": 104804,