{
    "name": "root",
    "gauges": {
        "EnemyAI.Policy.Entropy.mean": {
            "value": 2.0506508350372314,
            "min": 2.0259335041046143,
            "max": 2.530503749847412,
            "count": 200
        },
        "EnemyAI.Policy.Entropy.sum": {
            "value": 20568.02734375,
            "min": 18341.21484375,
            "max": 29254.29296875,
            "count": 200
        },
        "EnemyAI.Environment.EpisodeLength.mean": {
            "value": 261.5121951219512,
            "min": 232.7037037037037,
            "max": 280.8181818181818,
            "count": 200
        },
        "EnemyAI.Environment.EpisodeLength.sum": {
            "value": 10722.0,
            "min": 6283.0,
            "max": 11828.0,
            "count": 200
        },
        "EnemyAI.Step.mean": {
            "value": 1999982.0,
            "min": 9978.0,
            "max": 1999982.0,
            "count": 200
        },
        "EnemyAI.Step.sum": {
            "value": 1999982.0,
            "min": 9978.0,
            "max": 1999982.0,
            "count": 200
        },
        "EnemyAI.Policy.ExtrinsicValueEstimate.mean": {
            "value": -0.7027904391288757,
            "min": -0.8969147205352783,
            "max": 0.384485125541687,
            "count": 200
        },
        "EnemyAI.Policy.ExtrinsicValueEstimate.sum": {
            "value": -69.57625579833984,
            "min": -95.07295989990234,
            "max": 37.679542541503906,
            "count": 200
        },
        "EnemyAI.Environment.CumulativeReward.mean": {
            "value": -2.5734118986420516,
            "min": -4.04720500715681,
            "max": -2.1652169031756263,
            "count": 200
        },
        "EnemyAI.Environment.CumulativeReward.sum": {
            "value": -105.50988784432411,
            "min": -156.49048374593258,
            "max": -75.78259161114693,
            "count": 200
        },
        "EnemyAI.Policy.ExtrinsicReward.mean": {
            "value": -2.5734118986420516,
            "min": -4.04720500715681,
            "max": -2.1652169031756263,
            "count": 200
        },
        "EnemyAI.Policy.ExtrinsicReward.sum": {
            "value": -105.50988784432411,
            "min": -156.49048374593258,
            "max": -75.78259161114693,
            "count": 200
        },
        "EnemyAI.IsTraining.mean": {
            "value": 1.0,
            "min": 1.0,
            "max": 1.0,
            "count": 200
        },
        "EnemyAI.IsTraining.sum": {
            "value": 1.0,
            "min": 1.0,
            "max": 1.0,
            "count": 200
        },
        "EnemyAI.Losses.PolicyLoss.mean": {
            "value": 0.016582640213891865,
            "min": 0.010430349277642866,
            "max": 0.02325018759196003,
            "count": 97
        },
        "EnemyAI.Losses.PolicyLoss.sum": {
            "value": 0.016582640213891865,
            "min": 0.010430349277642866,
            "max": 0.02325018759196003,
            "count": 97
        },
        "EnemyAI.Losses.ValueLoss.mean": {
            "value": 0.014529630914330483,
            "min": 0.013417288009077311,
            "max": 0.05847425622244676,
            "count": 97
        },
        "EnemyAI.Losses.ValueLoss.sum": {
            "value": 0.014529630914330483,
            "min": 0.013417288009077311,
            "max": 0.05847425622244676,
            "count": 97
        },
        "EnemyAI.Policy.LearningRate.mean": {
            "value": 1.0865496378500165e-06,
            "min": 1.0865496378500165e-06,
            "max": 0.00029691135102954985,
            "count": 97
        },
        "EnemyAI.Policy.LearningRate.sum": {
            "value": 1.0865496378500165e-06,
            "min": 1.0865496378500165e-06,
            "max": 0.00029691135102954985,
            "count": 97
        },
        "EnemyAI.Policy.Epsilon.mean": {
            "value": 0.10036215000000001,
            "min": 0.10036215000000001,
            "max": 0.19897045000000002,
            "count": 97
        },
        "EnemyAI.Policy.Epsilon.sum": {
            "value": 0.10036215000000001,
            "min": 0.10036215000000001,
            "max": 0.19897045000000002,
            "count": 97
        },
        "EnemyAI.Policy.Beta.mean": {
            "value": 2.807128500000029e-05,
            "min": 2.807128500000029e-05,
            "max": 0.0049486254549999985,
            "count": 97
        },
        "EnemyAI.Policy.Beta.sum": {
            "value": 2.807128500000029e-05,
            "min": 2.807128500000029e-05,
            "max": 0.0049486254549999985,
            "count": 97
        }
    },
    "metadata": {
        "timer_format_version": "0.1.0",
        "start_time_seconds": "1757497857",
        "python_version": "3.8.20 (default, Oct  3 2024, 15:19:54) [MSC v.1929 64 bit (AMD64)]",
        "command_line_arguments": "C:\\Users\\User\\anaconda3\\envs\\mlagents_env\\Scripts\\mlagents-learn config/enemy_mul_trainer_config.yaml --run-id=EnemyAI_Combat_Master_Run_05 --env=./Build/MultipleTraining/AI_Enemy.exe --num-envs=4 --initialize-from=EnemyAI_Dodge_Run_05 --force",
        "mlagents_version": "0.28.0",
        "mlagents_envs_version": "0.28.0",
        "communication_protocol_version": "1.5.0",
        "pytorch_version": "2.4.1+cu118",
        "numpy_version": "1.21.6",
        "end_time_seconds": "1757500334"
    },
    "total": 2476.9012073000004,
    "count": 1,
    "self": 0.43555010000045513,
    "children": {
        "run_training.setup": {
            "total": 0.2181685,
            "count": 1,
            "self": 0.2181685
        },
        "TrainerController.start_learning": {
            "total": 2476.2474887,
            "count": 1,
            "self": 4.548707800020111,
            "children": {
                "TrainerController._reset_env": {
                    "total": 9.247702499999999,
                    "count": 1,
                    "self": 9.247702499999999
                },
                "TrainerController.advance": {
                    "total": 2462.3749224999797,
                    "count": 194256,
                    "self": 4.119774999916444,
                    "children": {
                        "env_step": {
                            "total": 1777.9908428,
                            "count": 194256,
                            "self": 930.3174150999698,
                            "children": {
                                "SubprocessEnvManager._take_step": {
                                    "total": 845.1010670999678,
                                    "count": 206245,
                                    "self": 13.67635949997009,
                                    "children": {
                                        "TorchPolicy.evaluate": {
                                            "total": 831.4247075999978,
                                            "count": 200260,
                                            "self": 254.19615389993282,
                                            "children": {
                                                "TorchPolicy.sample_actions": {
                                                    "total": 577.2285537000649,
                                                    "count": 200260,
                                                    "self": 577.2285537000649
                                                }
                                            }
                                        }
                                    }
                                },
                                "workers": {
                                    "total": 2.57236060006241,
                                    "count": 194256,
                                    "self": 0.0,