{
    "name": "root",
    "gauges": {
        "EnemyAI.Policy.Entropy.mean": {
            "value": 1.9421278238296509,
            "min": 1.9276847839355469,
            "max": 3.2157540321350098,
            "count": 200
        },
        "EnemyAI.Policy.Entropy.sum": {
            "value": 98485.3046875,
            "min": 93268.9375,
            "max": 174904.859375,
            "count": 200
        },
        "EnemyAI.Environment.EpisodeLength.mean": {
            "value": 298.3764705882353,
            "min": 252.37305699481865,
            "max": 298.6804733727811,
            "count": 200
        },
        "EnemyAI.Environment.EpisodeLength.sum": {
            "value": 50724.0,
            "min": 48209.0,
            "max": 51950.0,
            "count": 200
        },
        "EnemyAI.Step.mean": {
            "value": 9999959.0,
            "min": 49849.0,
            "max": 9999959.0,
            "count": 200
        },
        "EnemyAI.Step.sum": {
            "value": 9999959.0,
            "min": 49849.0,
            "max": 9999959.0,
            "count": 200
        },
        "EnemyAI.Policy.ExtrinsicValueEstimate.mean": {
            "value": -0.770757257938385,
            "min": -1.2616407871246338,
            "max": 0.9626415371894836,
            "count": 200
        },
        "EnemyAI.Policy.ExtrinsicValueEstimate.sum": {
            "value": -257.43292236328125,
            "min": -415.079833984375,
            "max": 308.0452880859375,
            "count": 200
        },
        "EnemyAI.Environment.CumulativeReward.mean": {
            "value": -2.6176457997169016,
            "min": -4.740899385965389,
            "max": -2.5578831801047692,
            "count": 200
        },
        "EnemyAI.Environment.CumulativeReward.sum": {
            "value": -442.38214015215635,
            "min": -872.3254870176315,
            "max": -422.3465516343713,
            "count": 200
        },
        "EnemyAI.Policy.ExtrinsicReward.mean": {
            "value": -2.6176457997169016,
            "min": -4.740899385965389,
            "max": -2.5578831801047692,
            "count": 200
        },
        "EnemyAI.Policy.ExtrinsicReward.sum": {
            "value": -442.38214015215635,
            "min": -872.3254870176315,
            "max": -422.3465516343713,
            "count": 200
        },
        "EnemyAI.Losses.PolicyLoss.mean": {
            "value": 0.012210929696448148,
            "min": 0.00813988153046618,
            "max": 0.017120855363706746,
            "count": 200
        },
        "EnemyAI.Losses.PolicyLoss.sum": {
            "value": 0.012210929696448148,
            "min": 0.00813988153046618,
            "max": 0.029126118115770323,
            "count": 200
        },
        "EnemyAI.Losses.ValueLoss.mean": {
            "value": 0.05126782519121965,
            "min": 0.03409143773217996,
            "max": 0.32807221412658694,
            "count": 200
        },
        "EnemyAI.Losses.ValueLoss.sum": {
            "value": 0.05126782519121965,
            "min": 0.03409143773217996,
            "max": 0.32807221412658694,
            "count": 200
        },
        "EnemyAI.Policy.LearningRate.mean": {
            "value": 4.73289842270001e-07,
            "min": 4.73289842270001e-07,
            "max": 0.0002987702404099199,
            "count": 200
        },
        "EnemyAI.Policy.LearningRate.sum": {
            "value": 4.73289842270001e-07,
            "min": 4.73289842270001e-07,
            "max": 0.00058645314451562,
            "count": 200
        },
        "EnemyAI.Policy.Epsilon.mean": {
            "value": 0.10015772999999997,
            "min": 0.10015772999999997,
            "max": 0.19959008000000003,
            "count": 200
        },
        "EnemyAI.Policy.Epsilon.sum": {
            "value": 0.10015772999999997,
            "min": 0.10015772999999997,
            "max": 0.39548437999999986,
            "count": 200
        },
        "EnemyAI.Policy.Beta.mean": {
            "value": 1.7870727000000022e-05,
            "min": 1.7870727000000022e-05,
            "max": 0.004979544992000002,
            "count": 200
        },
        "EnemyAI.Policy.Beta.sum": {
            "value": 1.7870727000000022e-05,
            "min": 1.7870727000000022e-05,
            "max": 0.009774670562000001,
            "count": 200
        },
        "EnemyAI.IsTraining.mean": {
            "value": 1.0,
            "min": 1.0,
            "max": 1.0,
            "count": 200
        },
        "EnemyAI.IsTraining.sum": {
            "value": 1.0,
            "min": 1.0,
            "max": 1.0,
            "count": 200
        }
    },
    "metadata": {
        "timer_format_version": "0.1.0",
        "start_time_seconds": "1759234201",
        "python_version": "3.8.20 (default, Oct  3 2024, 15:19:54) [MSC v.1929 64 bit (AMD64)]",
        "command_line_arguments": "C:\\Users\\User\\anaconda3\\envs\\mlagents_env\\Scripts\\mlagents-learn config/enemy_attack_trainer_config.yaml --run-id=EnemyAI_Attack_Run_29 --env=./Build/AttackTraining/AI_Enemy.exe --num-envs=4",
        "mlagents_version": "0.28.0",
        "mlagents_envs_version": "0.28.0",
        "communication_protocol_version": "1.5.0",
        "pytorch_version": "2.4.1+cu118",
        "numpy_version": "1.21.6",
        "end_time_seconds": "1759242931"
    },
    "total": 8729.3288158,
    "count": 1,
    "self": 0.3264766999982385,
    "children": {
        "run_training.setup": {
            "total": 0.21631669999999992,
            "count": 1,
            "self": 0.21631669999999992
        },
        "TrainerController.start_learning": {
            "total": 8728.786022400001,
            "count": 1,
            "self": 13.065384500354412,
            "children": {
                "TrainerController._reset_env": {
                    "total": 9.5967352,
                    "count": 1,
                    "self": 9.5967352
                },
                "TrainerController.advance": {
                    "total": 8706.027841399648,
                    "count": 438785,
                    "self": 11.466042899633976,
                    "children": {
                        "env_step": {
                            "total": 5373.662452300362,
                            "count": 438785,
                            "self": 846.8942376006389,
                            "children": {
                                "SubprocessEnvManager._take_step": {
                                    "total": 4518.396101100023,
                                    "count": 1027311,
                                    "self": 63.06615310040979,
                                    "children": {
                                        "TorchPolicy.evaluate": {
                                            "total": 4455.329947999613,
                                            "count": 1000446,
                                            "self": 1353.131313899883,
                                            "children": {
                                                "TorchPolicy.sample_actions": {
                                                    "total": 3102.19863409973,
                                                    "count": 1000446,
                                                    "self": 3102.19863409973
                                                }
                                            }
                                        }
                                    }
                                },
                                "workers": {
                                    "total": 8.372113599700526,
                                    "count": 438785,
                                    "self": 0.0,
                                    "children": {
                                        "worker_root": {
                                            "total": 34857.12942569863,