{
    "name": "root",
    "gauges": {
        "EnemyAI.Policy.Entropy.mean": {
            "value": 1.9920330047607422,
            "min": 1.9489319324493408,
            "max": 2.1371448040008545,
            "count": 164
        },
        "EnemyAI.Policy.Entropy.sum": {
            "value": 20896.42578125,
            "min": 17634.96484375,
            "max": 23441.40625,
            "count": 164
        },
        "EnemyAI.Step.mean": {
            "value": 2639978.0,
            "min": 1009947.0,
            "max": 2639978.0,
            "count": 164
        },
        "EnemyAI.Step.sum": {
            "value": 2639978.0,
            "min": 1009947.0,
            "max": 2639978.0,
            "count": 164
        },
        "EnemyAI.Policy.ExtrinsicValueEstimate.mean": {
            "value": -0.2373834103345871,
            "min": -0.6201547980308533,
            "max": -0.19499124586582184,
            "count": 164
        },
        "EnemyAI.Policy.ExtrinsicValueEstimate.sum": {
            "value": -20.177589416503906,
            "min": -53.953468322753906,
            "max": -16.68378257751465,
            "count": 164
        },
        "EnemyAI.Environment.EpisodeLength.mean": {
            "value": 539.2105263157895,
            "min": 299.0,
            "max": 569.4761904761905,
            "count": 164
        },
        "EnemyAI.Environment.EpisodeLength.sum": {
            "value": 10245.0,
            "min": 299.0,
            "max": 16205.0,
            "count": 164
        },
        "EnemyAI.Environment.CumulativeReward.mean": {
            "value": -1.4221526556893398,
            "min": -1.7722451383247972,
            "max": -1.2510723038999871,
            "count": 164
        },
        "EnemyAI.Environment.CumulativeReward.sum": {
            "value": -27.020900458097458,
            "min": -46.30763716250658,
            "max": -1.5246508419513702,
            "count": 164
        },
        "EnemyAI.Policy.ExtrinsicReward.mean": {
            "value": -1.4221526556893398,
            "min": -1.7722451383247972,
            "max": -1.2510723038999871,
            "count": 164
        },
        "EnemyAI.Policy.ExtrinsicReward.sum": {
            "value": -27.020900458097458,
            "min": -46.30763716250658,
            "max": -1.5246508419513702,
            "count": 164
        },
        "EnemyAI.IsTraining.mean": {
            "value": 1.0,
            "min": 1.0,
            "max": 1.0,
            "count": 164
        },
        "EnemyAI.IsTraining.sum": {
            "value": 1.0,
            "min": 1.0,
            "max": 1.0,
            "count": 164
        },
        "EnemyAI.Losses.PolicyLoss.mean": {
            "value": 0.018443270244946082,
            "min": 0.008831531290585797,
            "max": 0.024178758605072896,
            "count": 79
        },
        "EnemyAI.Losses.PolicyLoss.sum": {
            "value": 0.018443270244946082,
            "min": 0.008831531290585797,
            "max": 0.024178758605072896,
            "count": 79
        },
        "EnemyAI.Losses.ValueLoss.mean": {
            "value": 0.010785742290318012,
            "min": 0.005872662163649996,
            "max": 0.14091003288825352,
            "count": 79
        },
        "EnemyAI.Losses.ValueLoss.sum": {
            "value": 0.010785742290318012,
            "min": 0.005872662163649996,
            "max": 0.14091003288825352,
            "count": 79
        },
        "EnemyAI.Policy.LearningRate.mean": {
            "value": 0.00014249627250125999,
            "min": 0.00014249627250125999,
            "max": 0.00023872184042606005,
            "count": 79
        },
        "EnemyAI.Policy.LearningRate.sum": {
            "value": 0.00014249627250125999,
            "min": 0.00014249627250125999,
            "max": 0.00023872184042606005,
            "count": 79
        },
        "EnemyAI.Policy.Epsilon.mean": {
            "value": 0.14749874,
            "min": 0.14749874,
            "max": 0.17957394000000002,
            "count": 79
        },
        "EnemyAI.Policy.Epsilon.sum": {
            "value": 0.14749874,
            "min": 0.14749874,
            "max": 0.17957394000000002,
            "count": 79
        },
        "EnemyAI.Policy.Beta.mean": {
            "value": 0.0023801871259999997,
            "min": 0.0023801871259999997,
            "max": 0.003980739605999999,
            "count": 79
        },
        "EnemyAI.Policy.Beta.sum": {
            "value": 0.0023801871259999997,
            "min": 0.0023801871259999997,
            "max": 0.003980739605999999,
            "count": 79
        }
    },
    "metadata": {
        "timer_format_version": "0.1.0",
        "start_time_seconds": "1757168993",
        "python_version": "3.8.20 (default, Oct  3 2024, 15:19:54) [MSC v.1929 64 bit (AMD64)]",
        "command_line_arguments": "C:\\Users\\User\\anaconda3\\envs\\mlagents_env\\Scripts\\mlagents-learn config/enemy_mul_trainer_config.yaml --run-id=EnemyAI_Combat_Master_Run_01 --env=./Build/MultipleTraining/AI_Enemy.exe --num-envs=4 --initialize-from=EnemyAI_Dodge_Run_03 --resume",
        "mlagents_version": "0.28.0",
        "mlagents_envs_version": "0.28.0",
        "communication_protocol_version": "1.5.0",
        "pytorch_version": "2.4.1+cu118",
        "numpy_version": "1.21.6",
        "end_time_seconds": "1757171028"
    },
    "total": 2034.8894504,
    "count": 1,
    "self": 0.20595509999998285,
    "children": {
        "run_training.setup": {
            "total": 0.24509349999999985,
            "count": 1,
            "self": 0.24509349999999985
        },
        "TrainerController.start_learning": {
            "total": 2034.4384018,
            "count": 1,
            "self": 2.2536928000126863,
            "children": {
                "TrainerController._reset_env": {
                    "total": 5.879974200000001,
                    "count": 1,
                    "self": 5.879974200000001
                },
                "TrainerController.advance": {
                    "total": 2026.2249684999874,
                    "count": 59888,
                    "self": 1.9500178999703621,
                    "children": {
                        "env_step": {
                            "total": 1412.7907963000114,
                            "count": 59888,
                            "self": 162.55005940003207,
                            "children": {
                                "SubprocessEnvManager._take_step": {
                                    "total": 1248.861627699988,
                                    "count": 166983,
                                    "self": 15.44920729997716,
                                    "children": {
                                        "TorchPolicy.evaluate": {
                                            "total": 1233.412420400011,
                                            "count": 164849,
                                            "self": 471.98902559999146,
                                            "children": {
                                                "TorchPolicy.sample_actions": {
                                                    "total": 761.4233948000194,
                                                    "count": 164849,
                                                    "self": 761.4233948000194
                                                }
                                            }
                                        }
                                    }
                                },
                                "workers": {
                                    "total": 1.3791091999912481,
                                    "count": 59887,
                                    "self": 0.0,
                                    "children": {
                                        "worker_root": {
                                            "total": 8112.536350100081,