{
    "name": "root",
    "gauges": {
        "EnemyAI.Policy.Entropy.mean": {
            "value": 0.8044848442077637,
            "min": 0.7592412233352661,
            "max": 1.609321117401123,
            "count": 300
        },
        "EnemyAI.Policy.Entropy.sum": {
            "value": 8189.65576171875,
            "min": 7422.0078125,
            "max": 19730.27734375,
            "count": 300
        },
        "EnemyAI.Environment.EpisodeLength.mean": {
            "value": 849.0,
            "min": 187.9142857142857,
            "max": 999.0,
            "count": 300
        },
        "EnemyAI.Environment.EpisodeLength.sum": {
            "value": 7641.0,
            "min": 4056.0,
            "max": 16261.0,
            "count": 300
        },
        "EnemyAI.Step.mean": {
            "value": 2999969.0,
            "min": 9940.0,
            "max": 2999969.0,
            "count": 300
        },
        "EnemyAI.Step.sum": {
            "value": 2999969.0,
            "min": 9940.0,
            "max": 2999969.0,
            "count": 300
        },
        "EnemyAI.Policy.ExtrinsicValueEstimate.mean": {
            "value": 0.369932621717453,
            "min": -0.5458166003227234,
            "max": 0.3792443573474884,
            "count": 300
        },
        "EnemyAI.Policy.ExtrinsicValueEstimate.sum": {
            "value": 30.334474563598633,
            "min": -53.490028381347656,
            "max": 31.361059188842773,
            "count": 300
        },
        "EnemyAI.Environment.CumulativeReward.mean": {
            "value": 2.724111239115397,
            "min": -7.327900177240371,
            "max": 4.336250202730298,
            "count": 300
        },
        "EnemyAI.Environment.CumulativeReward.sum": {
            "value": 24.517001152038574,
            "min": -218.17999855428934,
            "max": 63.742003351449966,
            "count": 300
        },
        "EnemyAI.Policy.ExtrinsicReward.mean": {
            "value": 2.724111239115397,
            "min": -7.327900177240371,
            "max": 4.336250202730298,
            "count": 300
        },
        "EnemyAI.Policy.ExtrinsicReward.sum": {
            "value": 24.517001152038574,
            "min": -218.17999855428934,
            "max": 63.742003351449966,
            "count": 300
        },
        "EnemyAI.IsTraining.mean": {
            "value": 1.0,
            "min": 1.0,
            "max": 1.0,
            "count": 300
        },
        "EnemyAI.IsTraining.sum": {
            "value": 1.0,
            "min": 1.0,
            "max": 1.0,
            "count": 300
        },
        "EnemyAI.Losses.PolicyLoss.mean": {
            "value": 0.016731227608397604,
            "min": 0.010867112673198183,
            "max": 0.02611610508368661,
            "count": 146
        },
        "EnemyAI.Losses.PolicyLoss.sum": {
            "value": 0.016731227608397604,
            "min": 0.010867112673198183,
            "max": 0.02611610508368661,
            "count": 146
        },
        "EnemyAI.Losses.ValueLoss.mean": {
            "value": 0.010293354388947289,
            "min": 0.005542146313625078,
            "max": 1.055690348148346,
            "count": 146
        },
        "EnemyAI.Losses.ValueLoss.sum": {
            "value": 0.010293354388947289,
            "min": 0.005542146313625078,
            "max": 1.055690348148346,
            "count": 146
        },
        "EnemyAI.Policy.LearningRate.mean": {
            "value": 1.599999469999092e-08,
            "min": 1.599999469999092e-08,
            "max": 0.0002979509006830333,
            "count": 146
        },
        "EnemyAI.Policy.LearningRate.sum": {
            "value": 1.599999469999092e-08,
            "min": 1.599999469999092e-08,
            "max": 0.0002979509006830333,
            "count": 146
        },
        "EnemyAI.Policy.Epsilon.mean": {
            "value": 0.10000529999999998,
            "min": 0.10000529999999998,
            "max": 0.19931696666666662,
            "count": 146
        },
        "EnemyAI.Policy.Epsilon.sum": {
            "value": 0.10000529999999998,
            "min": 0.10000529999999998,
            "max": 0.19931696666666662,
            "count": 146
        },
        "EnemyAI.Policy.Beta.mean": {
            "value": 1.0264469999999854e-05,
            "min": 1.0264469999999854e-05,
            "max": 0.004965916636666668,
            "count": 146
        },
        "EnemyAI.Policy.Beta.sum": {
            "value": 1.0264469999999854e-05,
            "min": 1.0264469999999854e-05,
            "max": 0.004965916636666668,
            "count": 146
        }
    },
    "metadata": {
        "timer_format_version": "0.1.0",
        "start_time_seconds": "1757417254",
        "python_version": "3.8.20 (default, Oct  3 2024, 15:19:54) [MSC v.1929 64 bit (AMD64)]",
        "command_line_arguments": "C:\\Users\\User\\anaconda3\\envs\\mlagents_env\\Scripts\\mlagents-learn config/enemy_dodge_trainer_config.yaml --run-id=EnemyAI_Dodge_Run_04 --env=./Build/DodgeTraining/AI_Enemy.exe --num-envs=4 --force",
        "mlagents_version": "0.28.0",
        "mlagents_envs_version": "0.28.0",
        "communication_protocol_version": "1.5.0",
        "pytorch_version": "2.4.1+cu118",
        "numpy_version": "1.21.6",
        "end_time_seconds": "1757421023"
    },
    "total": 3768.5939355,
    "count": 1,
    "self": 0.2949373999999807,
    "children": {
        "run_training.setup": {
            "total": 0.23004219999999997,
            "count": 1,
            "self": 0.23004219999999997
        },
        "TrainerController.start_learning": {
            "total": 3768.0689559,
            "count": 1,
            "self": 6.545133499947497,
            "children": {
                "TrainerController._reset_env": {
                    "total": 5.8050108,
                    "count": 1,
                    "self": 5.8050108
                },
                "TrainerController.advance": {
                    "total": 3755.6683930000527,
                    "count": 271604,
                    "self": 5.948583600150869,
                    "children": {
                        "env_step": {
                            "total": 2716.2477930000364,
                            "count": 271604,
                            "self": 1783.3046546000967,
                            "children": {
                                "SubprocessEnvManager._take_step": {
                                    "total": 928.9939839999523,
                                    "count": 304418,
                                    "self": 20.942021499941234,
                                    "children": {
                                        "TorchPolicy.evaluate": {
                                            "total": 908.0519625000111,
                                            "count": 300256,
                                            "self": 348.75281049997784,
                                            "children": {
                                                "TorchPolicy.sample_actions": {
                                                    "total": 559.2991520000332,
                                                    "count": 300256,
                                                    "self": 559.2991520000332
                                                }
                                            }
                                        }
                                    }
                                },
                                "workers": {
                                    "total": 3.9491543999874335,
                                    "count": 271604,
                                    "self": 0.0,
                                    "children": {
                                        "worker_root": {
                                            "total": 15044.051268999694,
                                            "count": 304416,