{
    "name": "root",
    "metadata": {
        "timer_format_version": "0.1.0",
        "start_time_seconds": "1753338720",
        "python_version": "3.8.20 (default, Oct  3 2024, 15:19:54) [MSC v.1929 64 bit (AMD64)]",
        "command_line_arguments": "C:\\Users\\User\\anaconda3\\envs\\mlagents_env\\Scripts\\mlagents-learn config/enemy_trainer_config.yaml --run-id=EnemyAI_Training_Run_01 --force",
        "mlagents_version": "0.28.0",
        "mlagents_envs_version": "0.28.0",
        "communication_protocol_version": "1.5.0",
        "pytorch_version": "2.4.1+cu118",
        "numpy_version": "1.21.6",
        "end_time_seconds": "1753338868"
    },
    "total": 147.3009023,
    "count": 1,
    "self": 0.004642999999987296,
    "children": {
        "run_training.setup": {
            "total": 0.06946320000000039,
            "count": 1,
            "self": 0.06946320000000039
        },
        "TrainerController.start_learning": {
            "total": 147.2267961,
            "count": 1,
            "self": 0.09897270000016078,
            "children": {
                "TrainerController._reset_env": {
                    "total": 20.7678111,
                    "count": 1,
                    "self": 20.7678111
                },
                "TrainerController.advance": {
                    "total": 126.23449229999984,
                    "count": 5676,
                    "self": 0.08850959999995212,
                    "children": {
                        "env_step": {
                            "total": 125.44922989999958,
                            "count": 5676,
                            "self": 97.97499469999926,
                            "children": {
                                "SubprocessEnvManager._take_step": {
                                    "total": 27.41652920000004,
                                    "count": 5676,
                                    "self": 0.30657630000009206,
                                    "children": {
                                        "TorchPolicy.evaluate": {
                                            "total": 27.109952899999946,
                                            "count": 5671,
                                            "self": 9.13114289999988,
                                            "children": {
                                                "TorchPolicy.sample_actions": {
                                                    "total": 17.978810000000067,
                                                    "count": 5671,
                                                    "self": 17.978810000000067
                                                }
                                            }
                                        }
                                    }
                                },
                                "workers": {
                                    "total": 0.057706000000280255,
                                    "count": 5675,
                                    "self": 0.0,
                                    "children": {
                                        "worker_root": {
                                            "total": 65.43806099999954,
                                            "count": 5675,
                                            "is_parallel": true,
                                            "self": 33.6291102999992,
                                            "children": {
                                                "steps_from_proto": {
                                                    "total": 0.0025484999999996205,
                                                    "count": 1,
                                                    "is_parallel": true,
                                                    "self": 0.0004711999999997829,
                                                    "children": {
                                                        "_process_rank_one_or_two_observation": {
                                                            "total": 0.0020772999999998376,
                                                            "count": 2,
                                                            "is_parallel": true,
                                                            "self": 0.0020772999999998376
                                                        }
                                                    }
                                                },
                                                "UnityEnvironment.step": {
                                                    "total": 31.806402200000335,
                                                    "count": 5675,
                                                    "is_parallel": true,
                                                    "self": 0.2722883000005929,
                                                    "children": {
                                                        "UnityEnvironment._generate_step_input": {
                                                            "total": 0.24284919999962895,
                                                            "count": 5675,
                                                            "is_parallel": true,
                                                            "self": 0.24284919999962895
                                                        },
                                                        "communicator.exchange": {
                                                            "total": 30.319220300000264,
                                                            "count": 5675,
                                                            "is_parallel": true,
                                                            "self": 30.319220300000264
                                                        },
                                                        "steps_from_proto": {
                                                            "total": 0.9720443999998487,
                                                            "count": 5675,
                                                            "is_parallel": true,
                                                            "self": 0.5683438000003989,
                                                            "children": {
                                                                "_process_rank_one_or_two_observation": {
                                                                    "total": 0.40370059999944985,
                                                                    "count": 11350,
                                                                    "is_parallel": true,
                                                                    "self": 0.40370059999944985
                                                                }
                                                            }
                                                        }
                                                    }
                                                }
                                            }
                                        }
                                    }
                                }
                            }
                        },
                        "trainer_advance": {
                            "total": 0.6967528000003149,
                            "count": 5675,
                            "self": 0.11831259999986798,
                            "children": {
                                "process_trajectory": {
                                    "total": 0.5784402000004469,
                                    "count": 5675,