{
    "name": "root",
    "metadata": {
        "timer_format_version": "0.1.0",
        "start_time_seconds": "1754296721",
        "python_version": "3.8.20 (default, Oct  3 2024, 15:19:54) [MSC v.1929 64 bit (AMD64)]",
        "command_line_arguments": "C:\\Users\\User\\anaconda3\\envs\\mlagents_env\\Scripts\\mlagents-learn config/enemy_trainer_config.yaml --run-id=EnemyAI_Training_Run_01 --force",
        "mlagents_version": "0.28.0",
        "mlagents_envs_version": "0.28.0",
        "communication_protocol_version": "1.5.0",
        "pytorch_version": "2.4.1+cu118",
        "numpy_version": "1.21.6",
        "end_time_seconds": "1754296894"
    },
    "total": 173.02872,
    "count": 1,
    "self": 0.00408649999999966,
    "children": {
        "run_training.setup": {
            "total": 0.07060359999999966,
            "count": 1,
            "self": 0.07060359999999966
        },
        "TrainerController.start_learning": {
            "total": 172.9540299,
            "count": 1,
            "self": 0.014534899999858908,
            "children": {
                "TrainerController._reset_env": {
                    "total": 26.442618300000003,
                    "count": 1,
                    "self": 26.442618300000003
                },
                "TrainerController.advance": {
                    "total": 146.36912010000015,
                    "count": 524,
                    "self": 0.013776699999880293,
                    "children": {
                        "env_step": {
                            "total": 145.89743560000016,
                            "count": 524,
                            "self": 142.4682089000002,
                            "children": {
                                "SubprocessEnvManager._take_step": {
                                    "total": 3.4220266999999005,
                                    "count": 525,
                                    "self": 0.036453099999825156,
                                    "children": {
                                        "TorchPolicy.evaluate": {
                                            "total": 3.3855736000000753,
                                            "count": 509,
                                            "self": 1.0008185000001895,
                                            "children": {
                                                "TorchPolicy.sample_actions": {
                                                    "total": 2.384755099999886,
                                                    "count": 509,
                                                    "self": 2.384755099999886
                                                }
                                            }
                                        }
                                    }
                                },
                                "workers": {
                                    "total": 0.007200000000072038,
                                    "count": 523,
                                    "self": 0.0,
                                    "children": {
                                        "worker_root": {
                                            "total": 42.592199500000014,
                                            "count": 523,
                                            "is_parallel": true,
                                            "self": 5.532390400000068,
                                            "children": {
                                                "steps_from_proto": {
                                                    "total": 0.0013318000000026586,
                                                    "count": 2,
                                                    "is_parallel": true,
                                                    "self": 0.00030500000001509875,
                                                    "children": {
                                                        "_process_rank_one_or_two_observation": {
                                                            "total": 0.0010267999999875599,
                                                            "count": 8,
                                                            "is_parallel": true,
                                                            "self": 0.0010267999999875599
                                                        }
                                                    }
                                                },
                                                "UnityEnvironment.step": {
                                                    "total": 37.05847729999994,
                                                    "count": 523,
                                                    "is_parallel": true,
                                                    "self": 0.05051590000007167,
                                                    "children": {
                                                        "UnityEnvironment._generate_step_input": {
                                                            "total": 0.04694370000003545,
                                                            "count": 523,
                                                            "is_parallel": true,
                                                            "self": 0.04694370000003545
                                                        },
                                                        "communicator.exchange": {
                                                            "total": 36.780111499999904,
                                                            "count": 523,
                                                            "is_parallel": true,
                                                            "self": 36.780111499999904
                                                        },
                                                        "steps_from_proto": {
                                                            "total": 0.18090619999993507,
                                                            "count": 523,
                                                            "is_parallel": true,
                                                            "self": 0.06225449999996968,
                                                            "children": {
                                                                "_process_rank_one_or_two_observation": {
                                                                    "total": 0.11865169999996539,
                                                                    "count": 2092,
                                                                    "is_parallel": true,
                                                                    "self": 0.11865169999996539
                                                                }
                                                            }
                                                        }
                                                    }
                                                }
                                            }
                                        }
                                    }
                                }
                            }
                        },
                        "trainer_advance": {
                            "total": 0.45790780000008624,
                            "count": 523,
                            "self": 0.017118800000091028,
                            "children": {
                                "process_trajectory": {
                                    "total": 0.4407889999999952,
                                    "count": 523,