{
    "name": "root",
    "metadata": {
        "timer_format_version": "0.1.0",
        "start_time_seconds": "1756904459",
        "python_version": "3.8.20 (default, Oct  3 2024, 15:19:54) [MSC v.1929 64 bit (AMD64)]",
        "command_line_arguments": "C:\\Users\\User\\anaconda3\\envs\\mlagents_env\\Scripts\\mlagents-learn config/enemy_dodge_trainer_config.yaml --run-id=EnemyAI_Training_Run_01 --force",
        "mlagents_version": "0.28.0",
        "mlagents_envs_version": "0.28.0",
        "communication_protocol_version": "1.5.0",
        "pytorch_version": "2.4.1+cu118",
        "numpy_version": "1.21.6",
        "end_time_seconds": "1756904530"
    },
    "total": 71.2196605,
    "count": 1,
    "self": 0.006764199999992115,
    "children": {
        "run_training.setup": {
            "total": 0.06642269999999995,
            "count": 1,
            "self": 0.06642269999999995
        },
        "TrainerController.start_learning": {
            "total": 71.14647360000001,
            "count": 1,
            "self": 0.011474400000054175,
            "children": {
                "TrainerController._reset_env": {
                    "total": 6.3945436,
                    "count": 1,
                    "self": 6.3945436
                },
                "TrainerController.advance": {
                    "total": 64.64384879999994,
                    "count": 525,
                    "self": 0.00936199999993903,
                    "children": {
                        "env_step": {
                            "total": 64.5759379,
                            "count": 525,
                            "self": 63.160816999999994,
                            "children": {
                                "SubprocessEnvManager._take_step": {
                                    "total": 1.4083287999999996,
                                    "count": 525,
                                    "self": 0.025189299999992087,
                                    "children": {
                                        "TorchPolicy.evaluate": {
                                            "total": 1.3831395000000075,
                                            "count": 523,
                                            "self": 0.442599600000003,
                                            "children": {
                                                "TorchPolicy.sample_actions": {
                                                    "total": 0.9405399000000045,
                                                    "count": 523,
                                                    "self": 0.9405399000000045
                                                }
                                            }
                                        }
                                    }
                                },
                                "workers": {
                                    "total": 0.006792100000001966,
                                    "count": 524,
                                    "self": 0.0,
                                    "children": {
                                        "worker_root": {
                                            "total": 14.173677799999997,
                                            "count": 524,
                                            "is_parallel": true,
                                            "self": 2.627252299999972,
                                            "children": {
                                                "steps_from_proto": {
                                                    "total": 0.0003525999999993701,
                                                    "count": 1,
                                                    "is_parallel": true,
                                                    "self": 0.00016679999999791306,
                                                    "children": {
                                                        "_process_rank_one_or_two_observation": {
                                                            "total": 0.00018580000000145702,
                                                            "count": 4,
                                                            "is_parallel": true,
                                                            "self": 0.00018580000000145702
                                                        }
                                                    }
                                                },
                                                "UnityEnvironment.step": {
                                                    "total": 11.546072900000025,
                                                    "count": 524,
                                                    "is_parallel": true,
                                                    "self": 0.030561500000050756,
                                                    "children": {
                                                        "UnityEnvironment._generate_step_input": {
                                                            "total": 0.020996599999993037,
                                                            "count": 524,
                                                            "is_parallel": true,
                                                            "self": 0.020996599999993037
                                                        },
                                                        "communicator.exchange": {
                                                            "total": 11.363028299999986,
                                                            "count": 524,
                                                            "is_parallel": true,
                                                            "self": 11.363028299999986
                                                        },
                                                        "steps_from_proto": {
                                                            "total": 0.13148649999999584,
                                                            "count": 524,
                                                            "is_parallel": true,
                                                            "self": 0.05631540000000346,
                                                            "children": {
                                                                "_process_rank_one_or_two_observation": {
                                                                    "total": 0.07517109999999239,
                                                                    "count": 2096,
                                                                    "is_parallel": true,
                                                                    "self": 0.07517109999999239
                                                                }
                                                            }
                                                        }
                                                    }
                                                }
                                            }
                                        }
                                    }
                                }
                            }
                        },
                        "trainer_advance": {
                            "total": 0.05854890000000701,
                            "count": 524,
                            "self": 0.01358789999998855,
                            "children": {
                                "process_trajectory": {
                                    "total": 0.04496100000001846,
                                    "count": 524,