{
    "name": "root",
    "metadata": {
        "timer_format_version": "0.1.0",
        "start_time_seconds": "1753187990",
        "python_version": "3.8.20 (default, Oct  3 2024, 15:19:54) [MSC v.1929 64 bit (AMD64)]",
        "command_line_arguments": "C:\\Users\\User\\anaconda3\\envs\\mlagents_env\\Scripts\\mlagents-learn config/enemy_trainer_config.yaml --run-id=EnemyAI_Training_Run_01 --force",
        "mlagents_version": "0.28.0",
        "mlagents_envs_version": "0.28.0",
        "communication_protocol_version": "1.5.0",
        "pytorch_version": "2.4.1+cu118",
        "numpy_version": "1.21.6",
        "end_time_seconds": "1753188085"
    },
    "total": 94.8573445,
    "count": 1,
    "self": 0.0033652999999986832,
    "children": {
        "run_training.setup": {
            "total": 0.06574100000000005,
            "count": 1,
            "self": 0.06574100000000005
        },
        "TrainerController.start_learning": {
            "total": 94.7882382,
            "count": 1,
            "self": 0.04002550000028293,
            "children": {
                "TrainerController._reset_env": {
                    "total": 28.708217,
                    "count": 1,
                    "self": 28.708217
                },
                "TrainerController.advance": {
                    "total": 65.95818459999971,
                    "count": 2635,
                    "self": 0.0369766999993999,
                    "children": {
                        "env_step": {
                            "total": 65.5437047,
                            "count": 2635,
                            "self": 52.89800160000003,
                            "children": {
                                "SubprocessEnvManager._take_step": {
                                    "total": 12.621099299999578,
                                    "count": 2635,
                                    "self": 0.13715779999961697,
                                    "children": {
                                        "TorchPolicy.evaluate": {
                                            "total": 12.483941499999961,
                                            "count": 2625,
                                            "self": 4.844712100000297,
                                            "children": {
                                                "TorchPolicy.sample_actions": {
                                                    "total": 7.639229399999664,
                                                    "count": 2625,
                                                    "self": 7.639229399999664
                                                }
                                            }
                                        }
                                    }
                                },
                                "workers": {
                                    "total": 0.02460380000039919,
                                    "count": 2634,
                                    "self": 0.0,
                                    "children": {
                                        "worker_root": {
                                            "total": 61.745642900000085,
                                            "count": 2634,
                                            "is_parallel": true,
                                            "self": 15.695364200000135,
                                            "children": {
                                                "steps_from_proto": {
                                                    "total": 0.00023960000000045056,
                                                    "count": 1,
                                                    "is_parallel": true,
                                                    "self": 0.00012350000000083128,
                                                    "children": {
                                                        "_process_rank_one_or_two_observation": {
                                                            "total": 0.00011609999999961929,
                                                            "count": 2,
                                                            "is_parallel": true,
                                                            "self": 0.00011609999999961929
                                                        }
                                                    }
                                                },
                                                "UnityEnvironment.step": {
                                                    "total": 46.05003909999995,
                                                    "count": 2634,
                                                    "is_parallel": true,
                                                    "self": 0.11561419999979705,
                                                    "children": {
                                                        "UnityEnvironment._generate_step_input": {
                                                            "total": 0.09929830000000095,
                                                            "count": 2634,
                                                            "is_parallel": true,
                                                            "self": 0.09929830000000095
                                                        },
                                                        "communicator.exchange": {
                                                            "total": 45.422503999999904,
                                                            "count": 2634,
                                                            "is_parallel": true,
                                                            "self": 45.422503999999904
                                                        },
                                                        "steps_from_proto": {
                                                            "total": 0.41262260000024753,
                                                            "count": 2634,
                                                            "is_parallel": true,
                                                            "self": 0.2420899999999584,
                                                            "children": {
                                                                "_process_rank_one_or_two_observation": {
                                                                    "total": 0.17053260000028914,
                                                                    "count": 5268,
                                                                    "is_parallel": true,
                                                                    "self": 0.17053260000028914
                                                                }
                                                            }
                                                        }
                                                    }
                                                }
                                            }
                                        }
                                    }
                                }
                            }
                        },
                        "trainer_advance": {
                            "total": 0.3775032000003087,
                            "count": 2634,
                            "self": 0.047847499999850385,
                            "children": {
                                "process_trajectory": {
                                    "total": 0.3296557000004583,
                                    "count": 2634,