{
    "name": "root",
    "gauges": {
        "EnemyAI.Policy.Entropy.mean": {
            "value": 0.909028947353363,
            "min": 0.8970757126808167,
            "max": 3.2185821533203125,
            "count": 600
        },
        "EnemyAI.Policy.Entropy.sum": {
            "value": 45319.63671875,
            "min": 26059.85546875,
            "max": 726704.375,
            "count": 600
        },
        "EnemyAI.Environment.EpisodeLength.mean": {
            "value": 173.40893470790377,
            "min": 125.34351145038168,
            "max": 267.8098360655738,
            "count": 600
        },
        "EnemyAI.Environment.EpisodeLength.sum": {
            "value": 50462.0,
            "min": 10360.0,
            "max": 95662.0,
            "count": 600
        },
        "EnemyAI.Step.mean": {
            "value": 29999843.0,
            "min": 49989.0,
            "max": 29999843.0,
            "count": 600
        },
        "EnemyAI.Step.sum": {
            "value": 29999843.0,
            "min": 49989.0,
            "max": 29999843.0,
            "count": 600
        },
        "EnemyAI.Policy.ExtrinsicValueEstimate.mean": {
            "value": 1.4524446725845337,
            "min": -1.4260287284851074,
            "max": 1.4628446102142334,
            "count": 600
        },
        "EnemyAI.Policy.ExtrinsicValueEstimate.sum": {
            "value": 431.3760681152344,
            "min": -502.3269958496094,
            "max": 517.7598266601562,
            "count": 600
        },
        "EnemyAI.Environment.CumulativeReward.mean": {
            "value": 3.892964097326749,
            "min": -5.320676818782208,
            "max": 3.988940619111471,
            "count": 600
        },
        "EnemyAI.Environment.CumulativeReward.sum": {
            "value": 1136.7455164194107,
            "min": -2055.9740329384804,
            "max": 1193.553916335106,
            "count": 600
        },
        "EnemyAI.Policy.ExtrinsicReward.mean": {
            "value": 3.892964097326749,
            "min": -5.320676818782208,
            "max": 3.988940619111471,
            "count": 600
        },
        "EnemyAI.Policy.ExtrinsicReward.sum": {
            "value": 1136.7455164194107,
            "min": -2055.9740329384804,
            "max": 1193.553916335106,
            "count": 600
        },
        "EnemyAI.Losses.PolicyLoss.mean": {
            "value": 0.010329526880135139,
            "min": 0.0077277663086230556,
            "max": 0.017810021907401583,
            "count": 600
        },
        "EnemyAI.Losses.PolicyLoss.sum": {
            "value": 0.010329526880135139,
            "min": 0.0077277663086230556,
            "max": 0.028689885915567474,
            "count": 600
        },
        "EnemyAI.Losses.ValueLoss.mean": {
            "value": 0.014082294671485822,
            "min": 0.012883741191277902,
            "max": 0.10623945196469625,
            "count": 600
        },
        "EnemyAI.Losses.ValueLoss.sum": {
            "value": 0.014082294671485822,
            "min": 0.012883741191277902,
            "max": 0.20735731075207392,
            "count": 600
        },
        "EnemyAI.Policy.LearningRate.mean": {
            "value": 4.059798647066586e-07,
            "min": 4.059798647066586e-07,
            "max": 0.0002995881501372833,
            "count": 600
        },
        "EnemyAI.Policy.LearningRate.sum": {
            "value": 4.059798647066586e-07,
            "min": 4.059798647066586e-07,
            "max": 0.000592579942473353,
            "count": 600
        },
        "EnemyAI.Policy.Epsilon.mean": {
            "value": 0.10013529333333336,
            "min": 0.10013529333333336,
            "max": 0.19986271666666672,
            "count": 600
        },
        "EnemyAI.Policy.Epsilon.sum": {
            "value": 0.10013529333333336,
            "min": 0.10013529333333336,
            "max": 0.3975266466666667,
            "count": 600
        },
        "EnemyAI.Policy.Beta.mean": {
            "value": 1.67511373333332e-05,
            "min": 1.67511373333332e-05,
            "max": 0.004993149561666665,
            "count": 600
        },
        "EnemyAI.Policy.Beta.sum": {
            "value": 1.67511373333332e-05,
            "min": 1.67511373333332e-05,
            "max": 0.009876579668666664,
            "count": 600
        },
        "EnemyAI.IsTraining.mean": {
            "value": 1.0,
            "min": 1.0,
            "max": 1.0,
            "count": 600
        },
        "EnemyAI.IsTraining.sum": {
            "value": 1.0,
            "min": 1.0,
            "max": 1.0,
            "count": 600
        }
    },
    "metadata": {
        "timer_format_version": "0.1.0",
        "start_time_seconds": "1759381469",
        "python_version": "3.8.20 (default, Oct  3 2024, 15:19:54) [MSC v.1929 64 bit (AMD64)]",
        "command_line_arguments": "C:\\Users\\User\\anaconda3\\envs\\mlagents_env\\Scripts\\mlagents-learn config/enemy_attack_trainer_config.yaml --run-id=EnemyAI_Attack_Run_33 --env=./Build/AttackTraining/AI_Enemy.exe --time-scale=1.0 --capture-frame-rate=0 --num-envs=8 --force",
        "mlagents_version": "0.28.0",
        "mlagents_envs_version": "0.28.0",
        "communication_protocol_version": "1.5.0",
        "pytorch_version": "2.4.1+cu118",
        "numpy_version": "1.21.6",
        "end_time_seconds": "1759401729"
    },
    "total": 20259.9808087,
    "count": 1,
    "self": 0.6169020999986969,
    "children": {
        "run_training.setup": {
            "total": 0.4543007000000001,
            "count": 1,
            "self": 0.4543007000000001
        },
        "TrainerController.start_learning": {
            "total": 20258.9096059,
            "count": 1,
            "self": 3.7461594002961647,
            "children": {
                "TrainerController._reset_env": {
                    "total": 9.5458359,
                    "count": 1,
                    "self": 9.5458359
                },
                "TrainerController.advance": {
                    "total": 20245.510348599702,
                    "count": 83454,
                    "self": 3.7593002994253766,
                    "children": {
                        "env_step": {
                            "total": 5567.714351400189,
                            "count": 83454,
                            "self": 2155.5173961006217,
                            "children": {
                                "SubprocessEnvManager._take_step": {
                                    "total": 3409.431968099777,
                                    "count": 303786,
                                    "self": 36.73777989911832,
                                    "children": {
                                        "TorchPolicy.evaluate": {
                                            "total": 3372.6941882006586,
                                            "count": 178226,
                                            "self": 1535.0682291012527,
                                            "children": {
                                                "TorchPolicy.sample_actions": {
                                                    "total": 1837.625959099406,
                                                    "count": 178226,
                                                    "self": 1837.625959099406
                                                }
                                            }
                                        }
                                    }
                                },
                                "workers": {
                                    "total": 2.764987199790621,
                                    "count": 83454,
                                    "self": 0.0,
                                    "children": {
                                        "worker_root": {
                                            "total": 161989.0080604929,