{
    "name": "root",
    "gauges": {
        "EnemyAI.Policy.Entropy.mean": {
            "value": 1.0235642194747925,
            "min": 1.0014293193817139,
            "max": 1.2146334648132324,
            "count": 200
        },
        "EnemyAI.Policy.Entropy.sum": {
            "value": 51029.79296875,
            "min": 1462.52294921875,
            "max": 382146.90625,
            "count": 200
        },
        "EnemyAI.Step.mean": {
            "value": 39999948.0,
            "min": 20099948.0,
            "max": 39999948.0,
            "count": 200
        },
        "EnemyAI.Step.sum": {
            "value": 39999948.0,
            "min": 20099948.0,
            "max": 39999948.0,
            "count": 200
        },
        "EnemyAI.Policy.ExtrinsicValueEstimate.mean": {
            "value": -0.03905906155705452,
            "min": -0.5069752335548401,
            "max": 0.18797273933887482,
            "count": 200
        },
        "EnemyAI.Policy.ExtrinsicValueEstimate.sum": {
            "value": -15.272092819213867,
            "min": -362.4873046875,
            "max": 222.9356689453125,
            "count": 200
        },
        "EnemyAI.Losses.PolicyLoss.mean": {
            "value": 0.014507201572580796,
            "min": 0.009432089026732784,
            "max": 0.01496575368865807,
            "count": 200
        },
        "EnemyAI.Losses.PolicyLoss.sum": {
            "value": 0.029014403145161592,
            "min": 0.010663661084611687,
            "max": 0.04242013015059961,
            "count": 200
        },
        "EnemyAI.Losses.ValueLoss.mean": {
            "value": 0.1063753619523985,
            "min": 0.0157747192773968,
            "max": 0.30072956809810564,
            "count": 200
        },
        "EnemyAI.Losses.ValueLoss.sum": {
            "value": 0.212750723904797,
            "min": 0.016755930458505947,
            "max": 0.5338710601485911,
            "count": 200
        },
        "EnemyAI.Policy.LearningRate.mean": {
            "value": 1.2269998773100307e-06,
            "min": 1.2269998773100307e-06,
            "max": 0.0004986277501372301,
            "count": 200
        },
        "EnemyAI.Policy.LearningRate.sum": {
            "value": 2.4539997546200615e-06,
            "min": 2.4539997546200615e-06,
            "max": 0.00145897365410265,
            "count": 200
        },
        "EnemyAI.Policy.Epsilon.mean": {
            "value": 0.10012269000000001,
            "min": 0.10012269000000001,
            "max": 0.14986277000000003,
            "count": 200
        },
        "EnemyAI.Policy.Epsilon.sum": {
            "value": 0.20024538000000003,
            "min": 0.10287570000000004,
            "max": 0.4458973500000001,
            "count": 200
        },
        "EnemyAI.Policy.Beta.mean": {
            "value": 1.6122231000000157e-05,
            "min": 1.6122231000000157e-05,
            "max": 0.0024981522229999996,
            "count": 200
        },
        "EnemyAI.Policy.Beta.sum": {
            "value": 3.2244462000000314e-05,
            "min": 3.2244462000000314e-05,
            "max": 0.007310277765000002,
            "count": 200
        },
        "EnemyAI.IsTraining.mean": {
            "value": 1.0,
            "min": 1.0,
            "max": 1.0,
            "count": 200
        },
        "EnemyAI.IsTraining.sum": {
            "value": 1.0,
            "min": 1.0,
            "max": 1.0,
            "count": 200
        },
        "EnemyAI.Environment.EpisodeLength.mean": {
            "value": 299.0,
            "min": 299.0,
            "max": 299.0,
            "count": 176
        },
        "EnemyAI.Environment.EpisodeLength.sum": {
            "value": 101062.0,
            "min": 50531.0,
            "max": 303186.0,
            "count": 176
        },
        "EnemyAI.Environment.CumulativeReward.mean": {
            "value": -0.01315656211778257,
            "min": -0.6879470088348096,
            "max": 0.103257615626211,
            "count": 176
        },
        "EnemyAI.Environment.CumulativeReward.sum": {
            "value": -4.446917995810509,
            "min": -642.4661481678486,
            "max": 19.58442994952202,
            "count": 176
        },
        "EnemyAI.Policy.ExtrinsicReward.mean": {
            "value": -0.01315656211778257,
            "min": -0.6879470088348096,
            "max": 0.103257615626211,
            "count": 176
        },
        "EnemyAI.Policy.ExtrinsicReward.sum": {
            "value": -4.446917995810509,
            "min": -642.4661481678486,
            "max": 19.58442994952202,
            "count": 176
        }
    },
    "metadata": {
        "timer_format_version": "0.1.0",
        "start_time_seconds": "1766584572",
        "python_version": "3.8.20 (default, Oct  3 2024, 15:19:54) [MSC v.1929 64 bit (AMD64)]",
        "command_line_arguments": "C:\\Users\\User\\anaconda3\\envs\\mlagents_env\\Scripts\\mlagents-learn config/enemy_attack_trainer_config.yaml --run-id=EnemyAI_Attack_Run_43 --env=./Build/AttackTraining/AI_Enemy.exe --time-scale=1.0 --capture-frame-rate=0 --num-envs=8 --resume",
        "mlagents_version": "0.28.0",
        "mlagents_envs_version": "0.28.0",
        "communication_protocol_version": "1.5.0",
        "pytorch_version": "2.4.1+cu118",
        "numpy_version": "1.21.6",
        "end_time_seconds": "1766594204"
    },
    "total": 9631.9750456,
    "count": 1,
    "self": 0.8087712000015017,
    "children": {
        "run_training.setup": {
            "total": 0.8801361999999999,
            "count": 1,
            "self": 0.8801361999999999
        },
        "TrainerController.start_learning": {
            "total": 9630.2861382,
            "count": 1,
            "self": 2.3450896000504144,
            "children": {
                "TrainerController._reset_env": {
                    "total": 8.710368800000001,
                    "count": 1,
                    "self": 8.710368800000001
                },
                "TrainerController.advance": {
                    "total": 9619.049740699948,
                    "count": 65058,
                    "self": 3.2387465000101656,
                    "children": {
                        "env_step": {
                            "total": 2196.8584557001923,
                            "count": 65058,
                            "self": 1223.258475900014,
                            "children": {
                                "SubprocessEnvManager._take_step": {
                                    "total": 972.0601150000143,
                                    "count": 119114,
                                    "self": 23.400668600113704,
                                    "children": {
                                        "TorchPolicy.evaluate": {
                                            "total": 948.6594463999006,
                                            "count": 119114,
                                            "self": 343.6438292998488,
                                            "children": {
                                                "TorchPolicy.sample_actions": {
                                                    "total": 605.0156171000518,
                                                    "count": 119114,
                                                    "self": 605.0156171000518
                                                }
                                            }
                                        }
                                    }
                                },
                                "workers": {
                                    "total": 1.5398648001640094,
                                    "count": 65058,
                                    "self": 0.0,
                                    "children": {
                                        "worker_root": {
                                            "total": 76942.02225680013,