{
    "name": "root",
    "gauges": {
        "EnemyAI.Policy.Entropy.mean": {
            "value": 1.956540584564209,
            "min": 1.9166399240493774,
            "max": 3.200441598892212,
            "count": 60
        },
        "EnemyAI.Policy.Entropy.sum": {
            "value": 97455.2890625,
            "min": 94241.1875,
            "max": 168183.203125,
            "count": 60
        },
        "EnemyAI.Environment.EpisodeLength.mean": {
            "value": 285.4325842696629,
            "min": 261.0561797752809,
            "max": 297.6144578313253,
            "count": 60
        },
        "EnemyAI.Environment.EpisodeLength.sum": {
            "value": 50807.0,
            "min": 46468.0,
            "max": 51426.0,
            "count": 60
        },
        "EnemyAI.Step.mean": {
            "value": 2999974.0,
            "min": 49974.0,
            "max": 2999974.0,
            "count": 60
        },
        "EnemyAI.Step.sum": {
            "value": 2999974.0,
            "min": 49974.0,
            "max": 2999974.0,
            "count": 60
        },
        "EnemyAI.Policy.ExtrinsicValueEstimate.mean": {
            "value": -0.728481113910675,
            "min": -1.3286609649658203,
            "max": -0.2462785392999649,
            "count": 60
        },
        "EnemyAI.Policy.ExtrinsicValueEstimate.sum": {
            "value": -368.6114501953125,
            "min": -668.3164672851562,
            "max": -122.40043640136719,
            "count": 60
        },
        "EnemyAI.Environment.CumulativeReward.mean": {
            "value": -2.5629657396224625,
            "min": -5.5886281051913675,
            "max": -2.380256100752932,
            "count": 60
        },
        "EnemyAI.Environment.CumulativeReward.sum": {
            "value": -458.77086739242077,
            "min": -994.7758027240634,
            "max": -397.5027688257396,
            "count": 60
        },
        "EnemyAI.Policy.ExtrinsicReward.mean": {
            "value": -2.5629657396224625,
            "min": -5.5886281051913675,
            "max": -2.380256100752932,
            "count": 60
        },
        "EnemyAI.Policy.ExtrinsicReward.sum": {
            "value": -458.77086739242077,
            "min": -994.7758027240634,
            "max": -397.5027688257396,
            "count": 60
        },
        "EnemyAI.Losses.PolicyLoss.mean": {
            "value": 0.022301751477643846,
            "min": 0.020463334078279632,
            "max": 0.028339136629365387,
            "count": 60
        },
        "EnemyAI.Losses.PolicyLoss.sum": {
            "value": 0.11150875738821923,
            "min": 0.08222521867137403,
            "max": 0.14169568314682693,
            "count": 60
        },
        "EnemyAI.Losses.ValueLoss.mean": {
            "value": 0.05489106650153795,
            "min": 0.040325019285082815,
            "max": 0.09646576568484307,
            "count": 60
        },
        "EnemyAI.Losses.ValueLoss.sum": {
            "value": 0.2744553325076898,
            "min": 0.16257406932612262,
            "max": 0.38586306273937226,
            "count": 60
        },
        "EnemyAI.Policy.LearningRate.mean": {
            "value": 2.188379270573338e-06,
            "min": 2.188379270573338e-06,
            "max": 0.00029736952587682496,
            "count": 60
        },
        "EnemyAI.Policy.LearningRate.sum": {
            "value": 1.094189635286669e-05,
            "min": 1.094189635286669e-05,
            "max": 0.0014635553121482333,
            "count": 60
        },
        "EnemyAI.Policy.Epsilon.mean": {
            "value": 0.10072942666666666,
            "min": 0.10072942666666666,
            "max": 0.199123175,
            "count": 60
        },
        "EnemyAI.Policy.Epsilon.sum": {
            "value": 0.5036471333333333,
            "min": 0.4365794333333333,
            "max": 0.9878517666666666,
            "count": 60
        },
        "EnemyAI.Policy.Beta.mean": {
            "value": 4.639839066666675e-05,
            "min": 4.639839066666675e-05,
            "max": 0.004956246432499999,
            "count": 60
        },
        "EnemyAI.Policy.Beta.sum": {
            "value": 0.00023199195333333377,
            "min": 0.00023199195333333377,
            "max": 0.024393803156666668,
            "count": 60
        },
        "EnemyAI.IsTraining.mean": {
            "value": 1.0,
            "min": 1.0,
            "max": 1.0,
            "count": 60
        },
        "EnemyAI.IsTraining.sum": {
            "value": 1.0,
            "min": 1.0,
            "max": 1.0,
            "count": 60
        }
    },
    "metadata": {
        "timer_format_version": "0.1.0",
        "start_time_seconds": "1758111198",
        "python_version": "3.8.20 (default, Oct  3 2024, 15:19:54) [MSC v.1929 64 bit (AMD64)]",
        "command_line_arguments": "C:\\Users\\User\\anaconda3\\envs\\mlagents_env\\Scripts\\mlagents-learn config/enemy_attack_trainer_config.yaml --run-id=EnemyAI_Attack_Run_16 --env=./Build/AttackTraining/AI_Enemy.exe --num-envs=4",
        "mlagents_version": "0.28.0",
        "mlagents_envs_version": "0.28.0",
        "communication_protocol_version": "1.5.0",
        "pytorch_version": "2.4.1+cu118",
        "numpy_version": "1.21.6",
        "end_time_seconds": "1758115322"
    },
    "total": 4123.9126155,
    "count": 1,
    "self": 0.5307367000004888,
    "children": {
        "run_training.setup": {
            "total": 0.22171610000000008,
            "count": 1,
            "self": 0.22171610000000008
        },
        "TrainerController.start_learning": {
            "total": 4123.1601627,
            "count": 1,
            "self": 6.62732800005233,
            "children": {
                "TrainerController._reset_env": {
                    "total": 6.5749069,
                    "count": 1,
                    "self": 6.5749069
                },
                "TrainerController.advance": {
                    "total": 4109.881509199947,
                    "count": 284551,
                    "self": 5.772741799936739,
                    "children": {
                        "env_step": {
                            "total": 3038.6742050999587,
                            "count": 284551,
                            "self": 1537.9505111998994,
                            "children": {
                                "SubprocessEnvManager._take_step": {
                                    "total": 1496.8726952999687,
                                    "count": 308306,
                                    "self": 22.22656150007583,
                                    "children": {
                                        "TorchPolicy.evaluate": {
                                            "total": 1474.6461337998928,
                                            "count": 300202,
                                            "self": 488.5785340999355,
                                            "children": {
                                                "TorchPolicy.sample_actions": {
                                                    "total": 986.0675996999573,
                                                    "count": 300202,
                                                    "self": 986.0675996999573
                                                }
                                            }
                                        }
                                    }
                                },
                                "workers": {
                                    "total": 3.8509986000907297,
                                    "count": 284551,
                                    "self": 0.0,
                                    "children": {
                                        "worker_root": {
                                            "total": 16462.458000999795,
                                            "count": 308303,