{
    "name": "root",
    "gauges": {
        "EnemyAI.Policy.Entropy.mean": {
            "value": 1.6700897216796875,
            "min": 1.6568840742111206,
            "max": 3.2175850868225098,
            "count": 500
        },
        "EnemyAI.Policy.Entropy.sum": {
            "value": 17302.12890625,
            "min": 15785.52734375,
            "max": 38353.61328125,
            "count": 500
        },
        "EnemyAI.Environment.EpisodeLength.mean": {
            "value": 179.68965517241378,
            "min": 166.1578947368421,
            "max": 271.9024390243902,
            "count": 500
        },
        "EnemyAI.Environment.EpisodeLength.sum": {
            "value": 10422.0,
            "min": 7912.0,
            "max": 12022.0,
            "count": 500
        },
        "EnemyAI.Step.mean": {
            "value": 4999995.0,
            "min": 9990.0,
            "max": 4999995.0,
            "count": 500
        },
        "EnemyAI.Step.sum": {
            "value": 4999995.0,
            "min": 9990.0,
            "max": 4999995.0,
            "count": 500
        },
        "EnemyAI.Policy.ExtrinsicValueEstimate.mean": {
            "value": -0.2131575345993042,
            "min": -0.9664251804351807,
            "max": 0.1884627789258957,
            "count": 500
        },
        "EnemyAI.Policy.ExtrinsicValueEstimate.sum": {
            "value": -24.086801528930664,
            "min": -101.98435974121094,
            "max": 18.46935272216797,
            "count": 500
        },
        "EnemyAI.Environment.CumulativeReward.mean": {
            "value": -0.5232759410965031,
            "min": -4.1600489489189005,
            "max": -0.22047067608903437,
            "count": 500
        },
        "EnemyAI.Environment.CumulativeReward.sum": {
            "value": -30.350004583597183,
            "min": -171.26900699734688,
            "max": -11.244004480540752,
            "count": 500
        },
        "EnemyAI.Policy.ExtrinsicReward.mean": {
            "value": -0.5232759410965031,
            "min": -4.1600489489189005,
            "max": -0.22047067608903437,
            "count": 500
        },
        "EnemyAI.Policy.ExtrinsicReward.sum": {
            "value": -30.350004583597183,
            "min": -171.26900699734688,
            "max": -11.244004480540752,
            "count": 500
        },
        "EnemyAI.IsTraining.mean": {
            "value": 1.0,
            "min": 1.0,
            "max": 1.0,
            "count": 500
        },
        "EnemyAI.IsTraining.sum": {
            "value": 1.0,
            "min": 1.0,
            "max": 1.0,
            "count": 500
        },
        "EnemyAI.Losses.PolicyLoss.mean": {
            "value": 0.014117048323775331,
            "min": 0.010861940976853172,
            "max": 0.023330503810817995,
            "count": 243
        },
        "EnemyAI.Losses.PolicyLoss.sum": {
            "value": 0.014117048323775331,
            "min": 0.010861940976853172,
            "max": 0.023330503810817995,
            "count": 243
        },
        "EnemyAI.Losses.ValueLoss.mean": {
            "value": 0.035718167076508205,
            "min": 0.01749324643363555,
            "max": 0.0515998400747776,
            "count": 243
        },
        "EnemyAI.Losses.ValueLoss.sum": {
            "value": 0.035718167076508205,
            "min": 0.01749324643363555,
            "max": 0.0515998400747776,
            "count": 243
        },
        "EnemyAI.Policy.LearningRate.mean": {
            "value": 1.712598288400035e-07,
            "min": 1.712598288400035e-07,
            "max": 9.958932041068e-05,
            "count": 243
        },
        "EnemyAI.Policy.LearningRate.sum": {
            "value": 1.712598288400035e-07,
            "min": 1.712598288400035e-07,
            "max": 9.958932041068e-05,
            "count": 243
        },
        "EnemyAI.Policy.Epsilon.mean": {
            "value": 0.10017115999999998,
            "min": 0.10017115999999998,
            "max": 0.19958932000000004,
            "count": 243
        },
        "EnemyAI.Policy.Epsilon.sum": {
            "value": 0.10017115999999998,
            "min": 0.10017115999999998,
            "max": 0.19958932000000004,
            "count": 243
        },
        "EnemyAI.Policy.Beta.mean": {
            "value": 1.8540884000000183e-05,
            "min": 1.8540884000000183e-05,
            "max": 0.004979507067999999,
            "count": 243
        },
        "EnemyAI.Policy.Beta.sum": {
            "value": 1.8540884000000183e-05,
            "min": 1.8540884000000183e-05,
            "max": 0.004979507067999999,
            "count": 243
        }
    },
    "metadata": {
        "timer_format_version": "0.1.0",
        "start_time_seconds": "1757600982",
        "python_version": "3.8.20 (default, Oct  3 2024, 15:19:54) [MSC v.1929 64 bit (AMD64)]",
        "command_line_arguments": "C:\\Users\\User\\anaconda3\\envs\\mlagents_env\\Scripts\\mlagents-learn config/enemy_attack_trainer_config.yaml --run-id=EnemyAI_Attack_Run_07 --env=./Build/AttackTraining/AI_Enemy.exe --num-envs=4 --force",
        "mlagents_version": "0.28.0",
        "mlagents_envs_version": "0.28.0",
        "communication_protocol_version": "1.5.0",
        "pytorch_version": "2.4.1+cu118",
        "numpy_version": "1.21.6",
        "end_time_seconds": "1757608054"
    },
    "total": 7071.4890462,
    "count": 1,
    "self": 0.22387580000031448,
    "children": {
        "run_training.setup": {
            "total": 0.2149217000000001,
            "count": 1,
            "self": 0.2149217000000001
        },
        "TrainerController.start_learning": {
            "total": 7071.0502487,
            "count": 1,
            "self": 12.186723899774734,
            "children": {
                "TrainerController._reset_env": {
                    "total": 5.8294273,
                    "count": 1,
                    "self": 5.8294273
                },
                "TrainerController.advance": {
                    "total": 7052.959545200225,
                    "count": 469509,
                    "self": 10.383661099946949,
                    "children": {
                        "env_step": {
                            "total": 5219.591928200326,
                            "count": 469509,
                            "self": 2162.2090758002005,
                            "children": {
                                "SubprocessEnvManager._take_step": {
                                    "total": 3050.5582497999326,
                                    "count": 520054,
                                    "self": 41.481633899965345,
                                    "children": {
                                        "TorchPolicy.evaluate": {
                                            "total": 3009.0766158999672,
                                            "count": 500224,
                                            "self": 1091.430519699935,
                                            "children": {
                                                "TorchPolicy.sample_actions": {
                                                    "total": 1917.6460962000322,
                                                    "count": 500224,
                                                    "self": 1917.6460962000322
                                                }
                                            }
                                        }
                                    }
                                },
                                "workers": {
                                    "total": 6.824602600192996,
                                    "count": 469509,
                                    "self": 0.0,
                                    "children": {
                                        "worker_root": {
                                            "total": 28249.358395999963,