{
    "name": "root",
    "gauges": {
        "EnemyAI.Policy.Entropy.mean": {
            "value": 2.042802333831787,
            "min": 2.0297999382019043,
            "max": 2.2975270748138428,
            "count": 100
        },
        "EnemyAI.Policy.Entropy.sum": {
            "value": 20421.89453125,
            "min": 20134.265625,
            "max": 23263.484375,
            "count": 100
        },
        "EnemyAI.Step.mean": {
            "value": 999957.0,
            "min": 9960.0,
            "max": 999957.0,
            "count": 100
        },
        "EnemyAI.Step.sum": {
            "value": 999957.0,
            "min": 9960.0,
            "max": 999957.0,
            "count": 100
        },
        "EnemyAI.Policy.ExtrinsicValueEstimate.mean": {
            "value": 0.7761847972869873,
            "min": 0.3435693085193634,
            "max": 1.0392123460769653,
            "count": 100
        },
        "EnemyAI.Policy.ExtrinsicValueEstimate.sum": {
            "value": 168.43209838867188,
            "min": 70.77527618408203,
            "max": 215.11695861816406,
            "count": 100
        },
        "EnemyAI.Environment.EpisodeLength.mean": {
            "value": 97.72277227722772,
            "min": 96.4423076923077,
            "max": 133.85135135135135,
            "count": 100
        },
        "EnemyAI.Environment.EpisodeLength.sum": {
            "value": 9870.0,
            "min": 9652.0,
            "max": 10174.0,
            "count": 100
        },
        "EnemyAI.Environment.CumulativeReward.mean": {
            "value": 1.5153762543744564,
            "min": 0.3849108286903592,
            "max": 1.642400032511967,
            "count": 100
        },
        "EnemyAI.Environment.CumulativeReward.sum": {
            "value": 153.0530016918201,
            "min": 28.483401323086582,
            "max": 167.52480331622064,
            "count": 100
        },
        "EnemyAI.Policy.ExtrinsicReward.mean": {
            "value": 1.5153762543744564,
            "min": 0.3849108286903592,
            "max": 1.642400032511967,
            "count": 100
        },
        "EnemyAI.Policy.ExtrinsicReward.sum": {
            "value": 153.0530016918201,
            "min": 28.483401323086582,
            "max": 167.52480331622064,
            "count": 100
        },
        "EnemyAI.IsTraining.mean": {
            "value": 1.0,
            "min": 1.0,
            "max": 1.0,
            "count": 100
        },
        "EnemyAI.IsTraining.sum": {
            "value": 1.0,
            "min": 1.0,
            "max": 1.0,
            "count": 100
        },
        "EnemyAI.Losses.PolicyLoss.mean": {
            "value": 0.024652064576124153,
            "min": 0.013704734575003385,
            "max": 0.030511449013526242,
            "count": 97
        },
        "EnemyAI.Losses.PolicyLoss.sum": {
            "value": 0.024652064576124153,
            "min": 0.013704734575003385,
            "max": 0.030511449013526242,
            "count": 97
        },
        "EnemyAI.Losses.ValueLoss.mean": {
            "value": 0.08981647466619809,
            "min": 0.06627908560136954,
            "max": 0.8678446352481842,
            "count": 97
        },
        "EnemyAI.Losses.ValueLoss.sum": {
            "value": 0.08981647466619809,
            "min": 0.06627908560136954,
            "max": 0.8678446352481842,
            "count": 97
        },
        "EnemyAI.Policy.LearningRate.mean": {
            "value": 1.262799579100006e-06,
            "min": 1.262799579100006e-06,
            "max": 0.00029690910103030005,
            "count": 97
        },
        "EnemyAI.Policy.LearningRate.sum": {
            "value": 1.262799579100006e-06,
            "min": 1.262799579100006e-06,
            "max": 0.00029690910103030005,
            "count": 97
        },
        "EnemyAI.Policy.Epsilon.mean": {
            "value": 0.10042090000000001,
            "min": 0.10042090000000001,
            "max": 0.19896970000000005,
            "count": 97
        },
        "EnemyAI.Policy.Epsilon.sum": {
            "value": 0.10042090000000001,
            "min": 0.10042090000000001,
            "max": 0.19896970000000005,
            "count": 97
        },
        "EnemyAI.Policy.Beta.mean": {
            "value": 3.100291000000009e-05,
            "min": 3.100291000000009e-05,
            "max": 0.004948588030000002,
            "count": 97
        },
        "EnemyAI.Policy.Beta.sum": {
            "value": 3.100291000000009e-05,
            "min": 3.100291000000009e-05,
            "max": 0.004948588030000002,
            "count": 97
        }
    },
    "metadata": {
        "timer_format_version": "0.1.0",
        "start_time_seconds": "1753100680",
        "python_version": "3.8.20 (default, Oct  3 2024, 15:19:54) [MSC v.1929 64 bit (AMD64)]",
        "command_line_arguments": "C:\\Users\\User\\anaconda3\\envs\\mlagents_env\\Scripts\\mlagents-learn config/enemy_trainer_config.yaml --run-id=EnemyAI_Build_Run_07 --env=./Build/AI_Enemy.exe --num-envs=4",
        "mlagents_version": "0.28.0",
        "mlagents_envs_version": "0.28.0",
        "communication_protocol_version": "1.5.0",
        "pytorch_version": "2.4.1+cu118",
        "numpy_version": "1.21.6",
        "end_time_seconds": "1753105795"
    },
    "total": 5114.8760025,
    "count": 1,
    "self": 0.525373700000273,
    "children": {
        "run_training.setup": {
            "total": 0.24365389999999998,
            "count": 1,
            "self": 0.24365389999999998
        },
        "TrainerController.start_learning": {
            "total": 5114.1069749,
            "count": 1,
            "self": 10.320492999731869,
            "children": {
                "TrainerController._reset_env": {
                    "total": 6.311051300000001,
                    "count": 1,
                    "self": 6.311051300000001
                },
                "TrainerController.advance": {
                    "total": 5097.407673000268,
                    "count": 404754,
                    "self": 8.389571300121133,
                    "children": {
                        "env_step": {
                            "total": 4821.6165373000385,
                            "count": 404754,
                            "self": 386.2269398999215,
                            "children": {
                                "SubprocessEnvManager._take_step": {
                                    "total": 4427.884481100221,
                                    "count": 1006330,
                                    "self": 60.63032340035352,
                                    "children": {
                                        "TorchPolicy.evaluate": {
                                            "total": 4367.254157699867,
                                            "count": 1000167,
                                            "self": 1372.172209399636,
                                            "children": {
                                                "TorchPolicy.sample_actions": {
                                                    "total": 2995.0819483002315,
                                                    "count": 1000167,
                                                    "self": 2995.0819483002315
                                                }
                                            }
                                        }
                                    }
                                },
                                "workers": {
                                    "total": 7.505116299895949,
                                    "count": 404754,
                                    "self": 0.0,
                                    "children": {
                                        "worker_root": {
                                            "total": 20409.558328100087,
                                            "count": 1006328,