{
    "name": "root",
    "gauges": {
        "EnemyAI.Policy.Entropy.mean": {
            "value": 0.8027692437171936,
            "min": 0.7989628314971924,
            "max": 1.675844669342041,
            "count": 400
        },
        "EnemyAI.Policy.Entropy.sum": {
            "value": 42192.75,
            "min": 15807.419921875,
            "max": 456547.0,
            "count": 400
        },
        "EnemyAI.Environment.EpisodeLength.mean": {
            "value": 96.12209302325581,
            "min": 92.35660377358491,
            "max": 287.5309139784946,
            "count": 400
        },
        "EnemyAI.Environment.EpisodeLength.sum": {
            "value": 49599.0,
            "min": 7794.0,
            "max": 213923.0,
            "count": 400
        },
        "EnemyAI.Step.mean": {
            "value": 19999996.0,
            "min": 49865.0,
            "max": 19999996.0,
            "count": 400
        },
        "EnemyAI.Step.sum": {
            "value": 19999996.0,
            "min": 49865.0,
            "max": 19999996.0,
            "count": 400
        },
        "EnemyAI.Policy.ExtrinsicValueEstimate.mean": {
            "value": 1.0834648609161377,
            "min": -1.2291518449783325,
            "max": 1.0983525514602661,
            "count": 400
        },
        "EnemyAI.Policy.ExtrinsicValueEstimate.sum": {
            "value": 557.984375,
            "min": -797.6678466796875,
            "max": 583.7337036132812,
            "count": 400
        },
        "EnemyAI.Environment.CumulativeReward.mean": {
            "value": 2.093099246904688,
            "min": -5.376823639997872,
            "max": 2.1352934345402783,
            "count": 400
        },
        "EnemyAI.Environment.CumulativeReward.sum": {
            "value": 1077.9461121559143,
            "min": -4000.3567881584167,
            "max": 1122.8281188309193,
            "count": 400
        },
        "EnemyAI.Policy.ExtrinsicReward.mean": {
            "value": 2.093099246904688,
            "min": -5.376823639997872,
            "max": 2.1352934345402783,
            "count": 400
        },
        "EnemyAI.Policy.ExtrinsicReward.sum": {
            "value": 1077.9461121559143,
            "min": -4000.3567881584167,
            "max": 1122.8281188309193,
            "count": 400
        },
        "EnemyAI.Losses.PolicyLoss.mean": {
            "value": 0.01486356339106957,
            "min": 0.007874853070825338,
            "max": 0.018333122320473193,
            "count": 400
        },
        "EnemyAI.Losses.PolicyLoss.sum": {
            "value": 0.01486356339106957,
            "min": 0.007874853070825338,
            "max": 0.02944155088625848,
            "count": 400
        },
        "EnemyAI.Losses.ValueLoss.mean": {
            "value": 0.007620617048814893,
            "min": 0.007068467078109582,
            "max": 0.2017326648036639,
            "count": 400
        },
        "EnemyAI.Losses.ValueLoss.sum": {
            "value": 0.007620617048814893,
            "min": 0.007068467078109582,
            "max": 0.2017326648036639,
            "count": 400
        },
        "EnemyAI.Policy.LearningRate.mean": {
            "value": 8.583499141749496e-07,
            "min": 8.583499141749496e-07,
            "max": 0.0009979452002054803,
            "count": 400
        },
        "EnemyAI.Policy.LearningRate.sum": {
            "value": 8.583499141749496e-07,
            "min": 8.583499141749496e-07,
            "max": 0.0019526950047304996,
            "count": 400
        },
        "EnemyAI.Policy.Epsilon.mean": {
            "value": 0.10008582499999998,
            "min": 0.10008582499999998,
            "max": 0.19979452000000006,
            "count": 400
        },
        "EnemyAI.Policy.Epsilon.sum": {
            "value": 0.10008582499999998,
            "min": 0.10008582499999998,
            "max": 0.39526950000000005,
            "count": 400
        },
        "EnemyAI.Policy.Beta.mean": {
            "value": 1.4282667499999745e-05,
            "min": 1.4282667499999745e-05,
            "max": 0.004989746547999999,
            "count": 400
        },
        "EnemyAI.Policy.Beta.sum": {
            "value": 1.4282667499999745e-05,
            "min": 1.4282667499999745e-05,
            "max": 0.009763948050000002,
            "count": 400
        },
        "EnemyAI.IsTraining.mean": {
            "value": 1.0,
            "min": 1.0,
            "max": 1.0,
            "count": 400
        },
        "EnemyAI.IsTraining.sum": {
            "value": 1.0,
            "min": 1.0,
            "max": 1.0,
            "count": 400
        }
    },
    "metadata": {
        "timer_format_version": "0.1.0",
        "start_time_seconds": "1765283282",
        "python_version": "3.8.20 (default, Oct  3 2024, 15:19:54) [MSC v.1929 64 bit (AMD64)]",
        "command_line_arguments": "C:\\Users\\User\\anaconda3\\envs\\mlagents_env\\Scripts\\mlagents-learn config/enemy_attack_trainer_config.yaml --run-id=EnemyAI_Attack_Run_42 --env=./Build/AttackTraining/AI_Enemy.exe --time-scale=1.0 --capture-frame-rate=0 --num-envs=8",
        "mlagents_version": "0.28.0",
        "mlagents_envs_version": "0.28.0",
        "communication_protocol_version": "1.5.0",
        "pytorch_version": "2.4.1+cu118",
        "numpy_version": "1.21.6",
        "end_time_seconds": "1765292739"
    },
    "total": 9457.1701617,
    "count": 1,
    "self": 0.7258979999987787,
    "children": {
        "run_training.setup": {
            "total": 0.44709580000000004,
            "count": 1,
            "self": 0.44709580000000004
        },
        "TrainerController.start_learning": {
            "total": 9455.997167900001,
            "count": 1,
            "self": 2.055600400100957,
            "children": {
                "TrainerController._reset_env": {
                    "total": 8.4375736,
                    "count": 1,
                    "self": 8.4375736
                },
                "TrainerController.advance": {
                    "total": 9445.300664499899,
                    "count": 52538,
                    "self": 2.0125498000579682,
                    "children": {
                        "env_step": {
                            "total": 2199.448252999909,
                            "count": 52538,
                            "self": 1321.173448099994,
                            "children": {
                                "SubprocessEnvManager._take_step": {
                                    "total": 876.0714043999299,
                                    "count": 227137,
                                    "self": 21.64206439975146,
                                    "children": {
                                        "TorchPolicy.evaluate": {
                                            "total": 854.4293400001784,
                                            "count": 118760,
                                            "self": 284.09473990017204,
                                            "children": {
                                                "TorchPolicy.sample_actions": {
                                                    "total": 570.3346001000064,
                                                    "count": 118760,
                                                    "self": 570.3346001000064
                                                }
                                            }
                                        }
                                    }
                                },
                                "workers": {
                                    "total": 2.2034004999852925,
                                    "count": 52538,
                                    "self": 0.0,
                                    "children": {
                                        "worker_root": {
                                            "total": 75577.0054208012,