{
    "name": "root",
    "gauges": {
        "EnemyAI.Policy.Entropy.mean": {
            "value": 2.055821418762207,
            "min": 2.0233042240142822,
            "max": 3.217470407485962,
            "count": 200
        },
        "EnemyAI.Policy.Entropy.sum": {
            "value": 19406.953125,
            "min": 19196.90234375,
            "max": 38384.421875,
            "count": 200
        },
        "EnemyAI.Step.mean": {
            "value": 1999966.0,
            "min": 9970.0,
            "max": 1999966.0,
            "count": 200
        },
        "EnemyAI.Step.sum": {
            "value": 1999966.0,
            "min": 9970.0,
            "max": 1999966.0,
            "count": 200
        },
        "EnemyAI.Policy.ExtrinsicValueEstimate.mean": {
            "value": -0.07622324675321579,
            "min": -1.0322909355163574,
            "max": -0.040962282568216324,
            "count": 200
        },
        "EnemyAI.Policy.ExtrinsicValueEstimate.sum": {
            "value": -7.927217960357666,
            "min": -105.2936782836914,
            "max": -4.42392635345459,
            "count": 200
        },
        "EnemyAI.Environment.EpisodeLength.mean": {
            "value": 195.28571428571428,
            "min": 188.41509433962264,
            "max": 282.2972972972973,
            "count": 200
        },
        "EnemyAI.Environment.EpisodeLength.sum": {
            "value": 9569.0,
            "min": 7345.0,
            "max": 11165.0,
            "count": 200
        },
        "EnemyAI.Environment.CumulativeReward.mean": {
            "value": -0.2761795624178283,
            "min": -4.97289967078429,
            "max": -0.06854998347935853,
            "count": 200
        },
        "EnemyAI.Environment.CumulativeReward.sum": {
            "value": -13.532798558473587,
            "min": -194.66628551483154,
            "max": -2.857999801635742,
            "count": 200
        },
        "EnemyAI.Policy.ExtrinsicReward.mean": {
            "value": -0.2761795624178283,
            "min": -4.97289967078429,
            "max": -0.06854998347935853,
            "count": 200
        },
        "EnemyAI.Policy.ExtrinsicReward.sum": {
            "value": -13.532798558473587,
            "min": -194.66628551483154,
            "max": -2.857999801635742,
            "count": 200
        },
        "EnemyAI.IsTraining.mean": {
            "value": 1.0,
            "min": 1.0,
            "max": 1.0,
            "count": 200
        },
        "EnemyAI.IsTraining.sum": {
            "value": 1.0,
            "min": 1.0,
            "max": 1.0,
            "count": 200
        },
        "EnemyAI.Losses.PolicyLoss.mean": {
            "value": 0.019747694193695983,
            "min": 0.012442082508156697,
            "max": 0.02247748076915741,
            "count": 97
        },
        "EnemyAI.Losses.PolicyLoss.sum": {
            "value": 0.019747694193695983,
            "min": 0.012442082508156697,
            "max": 0.02247748076915741,
            "count": 97
        },
        "EnemyAI.Losses.ValueLoss.mean": {
            "value": 0.04298066012561321,
            "min": 0.020638831332325934,
            "max": 0.05193501052757104,
            "count": 97
        },
        "EnemyAI.Losses.ValueLoss.sum": {
            "value": 0.04298066012561321,
            "min": 0.020638831332325934,
            "max": 0.05193501052757104,
            "count": 97
        },
        "EnemyAI.Policy.LearningRate.mean": {
            "value": 9.791496736499923e-07,
            "min": 9.791496736499923e-07,
            "max": 0.0002968615510461501,
            "count": 97
        },
        "EnemyAI.Policy.LearningRate.sum": {
            "value": 9.791496736499923e-07,
            "min": 9.791496736499923e-07,
            "max": 0.0002968615510461501,
            "count": 97
        },
        "EnemyAI.Policy.Epsilon.mean": {
            "value": 0.10032635000000001,
            "min": 0.10032635000000001,
            "max": 0.19895384999999996,
            "count": 97
        },
        "EnemyAI.Policy.Epsilon.sum": {
            "value": 0.10032635000000001,
            "min": 0.10032635000000001,
            "max": 0.19895384999999996,
            "count": 97
        },
        "EnemyAI.Policy.Beta.mean": {
            "value": 2.6284864999999882e-05,
            "min": 2.6284864999999882e-05,
            "max": 0.004947797115000002,
            "count": 97
        },
        "EnemyAI.Policy.Beta.sum": {
            "value": 2.6284864999999882e-05,
            "min": 2.6284864999999882e-05,
            "max": 0.004947797115000002,
            "count": 97
        }
    },
    "metadata": {
        "timer_format_version": "0.1.0",
        "start_time_seconds": "1757575414",
        "python_version": "3.8.20 (default, Oct  3 2024, 15:19:54) [MSC v.1929 64 bit (AMD64)]",
        "command_line_arguments": "C:\\Users\\User\\anaconda3\\envs\\mlagents_env\\Scripts\\mlagents-learn config/enemy_attack_trainer_config.yaml --run-id=EnemyAI_Attack_Run_03 --env=./Build/AttackTraining/AI_Enemy.exe --num-envs=4 --force",
        "mlagents_version": "0.28.0",
        "mlagents_envs_version": "0.28.0",
        "communication_protocol_version": "1.5.0",
        "pytorch_version": "2.4.1+cu118",
        "numpy_version": "1.21.6",
        "end_time_seconds": "1757579905"
    },
    "total": 4490.590047600001,
    "count": 1,
    "self": 0.5416644000006272,
    "children": {
        "run_training.setup": {
            "total": 0.2123485999999999,
            "count": 1,
            "self": 0.2123485999999999
        },
        "TrainerController.start_learning": {
            "total": 4489.8360346,
            "count": 1,
            "self": 4.781649400134484,
            "children": {
                "TrainerController._reset_env": {
                    "total": 5.7541454000000005,
                    "count": 1,
                    "self": 5.7541454000000005
                },
                "TrainerController.advance": {
                    "total": 4479.226886399865,
                    "count": 171962,
                    "self": 4.315975699804767,
                    "children": {
                        "env_step": {
                            "total": 3567.4727339999536,
                            "count": 171962,
                            "self": 687.242413800056,
                            "children": {
                                "SubprocessEnvManager._take_step": {
                                    "total": 2877.5928530998813,
                                    "count": 207505,
                                    "self": 19.90281089993323,
                                    "children": {
                                        "TorchPolicy.evaluate": {
                                            "total": 2857.690042199948,
                                            "count": 200185,
                                            "self": 1358.7466591999023,
                                            "children": {
                                                "TorchPolicy.sample_actions": {
                                                    "total": 1498.9433830000457,
                                                    "count": 200185,
                                                    "self": 1498.9433830000457
                                                }
                                            }
                                        }
                                    }
                                },
                                "workers": {
                                    "total": 2.6374671000162584,
                                    "count": 171962,
                                    "self": 0.0,
                                    "children": {
                                        "worker_root": {
                                            "total": 17932.376524899955,