{
    "name": "root",
    "gauges": {
        "EnemyAI.Policy.Entropy.mean": {
            "value": 1.3077945709228516,
            "min": 1.2541306018829346,
            "max": 2.915135383605957,
            "count": 500
        },
        "EnemyAI.Policy.Entropy.sum": {
            "value": 12973.322265625,
            "min": 12164.86328125,
            "max": 34280.03125,
            "count": 500
        },
        "EnemyAI.Environment.EpisodeLength.mean": {
            "value": 154.07692307692307,
            "min": 150.39344262295083,
            "max": 223.54347826086956,
            "count": 500
        },
        "EnemyAI.Environment.EpisodeLength.sum": {
            "value": 10015.0,
            "min": 7909.0,
            "max": 11489.0,
            "count": 500
        },
        "EnemyAI.Step.mean": {
            "value": 4999951.0,
            "min": 9956.0,
            "max": 4999951.0,
            "count": 500
        },
        "EnemyAI.Step.sum": {
            "value": 4999951.0,
            "min": 9956.0,
            "max": 4999951.0,
            "count": 500
        },
        "EnemyAI.Policy.ExtrinsicValueEstimate.mean": {
            "value": 0.31991949677467346,
            "min": -0.6902881264686584,
            "max": 0.3492662012577057,
            "count": 500
        },
        "EnemyAI.Policy.ExtrinsicValueEstimate.sum": {
            "value": 39.67001724243164,
            "min": -74.316650390625,
            "max": 42.320587158203125,
            "count": 500
        },
        "EnemyAI.Environment.CumulativeReward.mean": {
            "value": 0.8167592294159389,
            "min": -4.7710914668884685,
            "max": 1.1088612285398303,
            "count": 500
        },
        "EnemyAI.Environment.CumulativeReward.sum": {
            "value": 51.455831453204155,
            "min": -224.241298943758,
            "max": 69.8582573980093,
            "count": 500
        },
        "EnemyAI.Policy.ExtrinsicReward.mean": {
            "value": 0.8167592294159389,
            "min": -4.7710914668884685,
            "max": 1.1088612285398303,
            "count": 500
        },
        "EnemyAI.Policy.ExtrinsicReward.sum": {
            "value": 51.455831453204155,
            "min": -224.241298943758,
            "max": 69.8582573980093,
            "count": 500
        },
        "EnemyAI.IsTraining.mean": {
            "value": 1.0,
            "min": 1.0,
            "max": 1.0,
            "count": 500
        },
        "EnemyAI.IsTraining.sum": {
            "value": 1.0,
            "min": 1.0,
            "max": 1.0,
            "count": 500
        },
        "EnemyAI.Losses.PolicyLoss.mean": {
            "value": 0.016815860747980575,
            "min": 0.012105066135215262,
            "max": 0.024731349075833957,
            "count": 243
        },
        "EnemyAI.Losses.PolicyLoss.sum": {
            "value": 0.016815860747980575,
            "min": 0.012105066135215262,
            "max": 0.024731349075833957,
            "count": 243
        },
        "EnemyAI.Losses.ValueLoss.mean": {
            "value": 0.03975339010357857,
            "min": 0.024030842632055283,
            "max": 0.08130158657828966,
            "count": 243
        },
        "EnemyAI.Losses.ValueLoss.sum": {
            "value": 0.03975339010357857,
            "min": 0.024030842632055283,
            "max": 0.08130158657828966,
            "count": 243
        },
        "EnemyAI.Policy.LearningRate.mean": {
            "value": 5.307998231000063e-07,
            "min": 5.307998231000063e-07,
            "max": 0.00029876952041016,
            "count": 243
        },
        "EnemyAI.Policy.LearningRate.sum": {
            "value": 5.307998231000063e-07,
            "min": 5.307998231000063e-07,
            "max": 0.00029876952041016,
            "count": 243
        },
        "EnemyAI.Policy.Epsilon.mean": {
            "value": 0.10017690000000004,
            "min": 0.10017690000000004,
            "max": 0.19958983999999996,
            "count": 243
        },
        "EnemyAI.Policy.Epsilon.sum": {
            "value": 0.10017690000000004,
            "min": 0.10017690000000004,
            "max": 0.19958983999999996,
            "count": 243
        },
        "EnemyAI.Policy.Beta.mean": {
            "value": 1.8827310000000097e-05,
            "min": 1.8827310000000097e-05,
            "max": 0.004979533015999999,
            "count": 243
        },
        "EnemyAI.Policy.Beta.sum": {
            "value": 1.8827310000000097e-05,
            "min": 1.8827310000000097e-05,
            "max": 0.004979533015999999,
            "count": 243
        }
    },
    "metadata": {
        "timer_format_version": "0.1.0",
        "start_time_seconds": "1757253436",
        "python_version": "3.8.20 (default, Oct  3 2024, 15:19:54) [MSC v.1929 64 bit (AMD64)]",
        "command_line_arguments": "C:\\Users\\User\\anaconda3\\envs\\mlagents_env\\Scripts\\mlagents-learn config/enemy_mul_trainer_config.yaml --run-id=EnemyAI_Combat_Master_Run_02 --env=./Build/MultipleTraining/AI_Enemy.exe --num-envs=4 --initialize-from=EnemyAI_Dodge_Run_03 --force",
        "mlagents_version": "0.28.0",
        "mlagents_envs_version": "0.28.0",
        "communication_protocol_version": "1.5.0",
        "pytorch_version": "2.4.1+cu118",
        "numpy_version": "1.21.6",
        "end_time_seconds": "1757260819"
    },
    "total": 7382.669242399999,
    "count": 1,
    "self": 0.3308847999996942,
    "children": {
        "run_training.setup": {
            "total": 0.2409479000000001,
            "count": 1,
            "self": 0.2409479000000001
        },
        "TrainerController.start_learning": {
            "total": 7382.0974097,
            "count": 1,
            "self": 12.521521000221583,
            "children": {
                "TrainerController._reset_env": {
                    "total": 6.3592619,
                    "count": 1,
                    "self": 6.3592619
                },
                "TrainerController.advance": {
                    "total": 7363.137190499778,
                    "count": 471444,
                    "self": 11.29169849968548,
                    "children": {
                        "env_step": {
                            "total": 5442.140252399947,
                            "count": 471444,
                            "self": 1707.1087393001708,
                            "children": {
                                "SubprocessEnvManager._take_step": {
                                    "total": 3727.9288569000646,
                                    "count": 525897,
                                    "self": 46.16857220010888,
                                    "children": {
                                        "TorchPolicy.evaluate": {
                                            "total": 3681.7602846999557,
                                            "count": 500199,
                                            "self": 1403.1074252998742,
                                            "children": {
                                                "TorchPolicy.sample_actions": {
                                                    "total": 2278.6528594000815,
                                                    "count": 500199,
                                                    "self": 2278.6528594000815
                                                }
                                            }
                                        }
                                    }
                                },
                                "workers": {
                                    "total": 7.102656199711465,
                                    "count": 471444,
                                    "self": 0.0,