{
    "name": "root",
    "gauges": {
        "EnemyAI.Policy.Entropy.mean": {
            "value": 2.737119674682617,
            "min": 2.5687854290008545,
            "max": 2.9765987396240234,
            "count": 180
        },
        "EnemyAI.Policy.Entropy.sum": {
            "value": 27250.763671875,
            "min": 25717.34765625,
            "max": 30620.271484375,
            "count": 180
        },
        "EnemyAI.Step.mean": {
            "value": 1999953.0,
            "min": 209896.0,
            "max": 1999953.0,
            "count": 180
        },
        "EnemyAI.Step.sum": {
            "value": 1999953.0,
            "min": 209896.0,
            "max": 1999953.0,
            "count": 180
        },
        "EnemyAI.Policy.ExtrinsicValueEstimate.mean": {
            "value": -0.5957785844802856,
            "min": -1.1949836015701294,
            "max": -0.5567677617073059,
            "count": 180
        },
        "EnemyAI.Policy.ExtrinsicValueEstimate.sum": {
            "value": -50.0453987121582,
            "min": -100.37862396240234,
            "max": -46.768489837646484,
            "count": 180
        },
        "EnemyAI.Environment.EpisodeLength.mean": {
            "value": 568.0625,
            "min": 496.5,
            "max": 599.0,
            "count": 180
        },
        "EnemyAI.Environment.EpisodeLength.sum": {
            "value": 9089.0,
            "min": 8386.0,
            "max": 12308.0,
            "count": 180
        },
        "EnemyAI.Environment.CumulativeReward.mean": {
            "value": -3.782418757211417,
            "min": -6.010883405287233,
            "max": -2.7587111381193004,
            "count": 180
        },
        "EnemyAI.Environment.CumulativeReward.sum": {
            "value": -60.51870011538267,
            "min": -111.04710011184216,
            "max": -49.656800486147404,
            "count": 180
        },
        "EnemyAI.Policy.ExtrinsicReward.mean": {
            "value": -3.782418757211417,
            "min": -6.010883405287233,
            "max": -2.7587111381193004,
            "count": 180
        },
        "EnemyAI.Policy.ExtrinsicReward.sum": {
            "value": -60.51870011538267,
            "min": -111.04710011184216,
            "max": -49.656800486147404,
            "count": 180
        },
        "EnemyAI.IsTraining.mean": {
            "value": 1.0,
            "min": 1.0,
            "max": 1.0,
            "count": 180
        },
        "EnemyAI.IsTraining.sum": {
            "value": 1.0,
            "min": 1.0,
            "max": 1.0,
            "count": 180
        },
        "EnemyAI.Losses.PolicyLoss.mean": {
            "value": 0.015607504919171334,
            "min": 0.011530923827861746,
            "max": 0.023669924245526393,
            "count": 87
        },
        "EnemyAI.Losses.PolicyLoss.sum": {
            "value": 0.015607504919171334,
            "min": 0.011530923827861746,
            "max": 0.023669924245526393,
            "count": 87
        },
        "EnemyAI.Losses.ValueLoss.mean": {
            "value": 0.01812487325320641,
            "min": 0.014428014929095904,
            "max": 0.052661338324348134,
            "count": 87
        },
        "EnemyAI.Losses.ValueLoss.sum": {
            "value": 0.01812487325320641,
            "min": 0.014428014929095904,
            "max": 0.052661338324348134,
            "count": 87
        },
        "EnemyAI.Policy.LearningRate.mean": {
            "value": 1.7904994031999926e-06,
            "min": 1.7904994031999926e-06,
            "max": 0.00026689036103655004,
            "count": 87
        },
        "EnemyAI.Policy.LearningRate.sum": {
            "value": 1.7904994031999926e-06,
            "min": 1.7904994031999926e-06,
            "max": 0.00026689036103655004,
            "count": 87
        },
        "EnemyAI.Policy.Epsilon.mean": {
            "value": 0.10059679999999999,
            "min": 0.10059679999999999,
            "max": 0.18896345000000003,
            "count": 87
        },
        "EnemyAI.Policy.Epsilon.sum": {
            "value": 0.10059679999999999,
            "min": 0.10059679999999999,
            "max": 0.18896345000000003,
            "count": 87
        },
        "EnemyAI.Policy.Beta.mean": {
            "value": 3.978031999999988e-05,
            "min": 3.978031999999988e-05,
            "max": 0.004449276154999999,
            "count": 87
        },
        "EnemyAI.Policy.Beta.sum": {
            "value": 3.978031999999988e-05,
            "min": 3.978031999999988e-05,
            "max": 0.004449276154999999,
            "count": 87
        }
    },
    "metadata": {
        "timer_format_version": "0.1.0",
        "start_time_seconds": "1753783577",
        "python_version": "3.8.20 (default, Oct  3 2024, 15:19:54) [MSC v.1929 64 bit (AMD64)]",
        "command_line_arguments": "C:\\Users\\User\\anaconda3\\envs\\mlagents_env\\Scripts\\mlagents-learn config/enemy_trainer_config.yaml --run-id=EnemyAI_Build_Run_15 --env=./Build/AI_Enemy.exe --num-envs=8 --resume",
        "mlagents_version": "0.28.0",
        "mlagents_envs_version": "0.28.0",
        "communication_protocol_version": "1.5.0",
        "pytorch_version": "2.4.1+cu118",
        "numpy_version": "1.21.6",
        "end_time_seconds": "1753790609"
    },
    "total": 7032.9252893,
    "count": 1,
    "self": 0.3144445000007181,
    "children": {
        "run_training.setup": {
            "total": 0.5106197000000001,
            "count": 1,
            "self": 0.5106197000000001
        },
        "TrainerController.start_learning": {
            "total": 7032.1002251,
            "count": 1,
            "self": 8.998259000090911,
            "children": {
                "TrainerController._reset_env": {
                    "total": 9.2637601,
                    "count": 1,
                    "self": 9.2637601
                },
                "TrainerController.advance": {
                    "total": 7013.753624499909,
                    "count": 267562,
                    "self": 5.403127100267739,
                    "children": {
                        "env_step": {
                            "total": 6656.992128599752,
                            "count": 267562,
                            "self": 526.8529110999816,
                            "children": {
                                "SubprocessEnvManager._take_step": {
                                    "total": 6120.389918299689,
                                    "count": 1802634,
                                    "self": 86.12264299966682,
                                    "children": {
                                        "TorchPolicy.evaluate": {
                                            "total": 6034.267275300022,
                                            "count": 1800454,
                                            "self": 1846.871145800429,
                                            "children": {
                                                "TorchPolicy.sample_actions": {
                                                    "total": 4187.396129499593,
                                                    "count": 1800454,
                                                    "self": 4187.396129499593
                                                }
                                            }
                                        }
                                    }
                                },
                                "workers": {
                                    "total": 9.749299200080495,
                                    "count": 267562,
                                    "self": 0.0,
                                    "children": {
                                        "worker_root": {
                                            "total": 56148.77725359838,
                                            "count": 1802632,