{
    "name": "root",
    "gauges": {
        "EnemyAI.Policy.Entropy.mean": {
            "value": 2.0232276916503906,
            "min": 1.9772523641586304,
            "max": 3.2174649238586426,
            "count": 200
        },
        "EnemyAI.Policy.Entropy.sum": {
            "value": 19584.84375,
            "min": 18445.349609375,
            "max": 38062.609375,
            "count": 200
        },
        "EnemyAI.Environment.EpisodeLength.mean": {
            "value": 153.0952380952381,
            "min": 150.84126984126985,
            "max": 200.8235294117647,
            "count": 200
        },
        "EnemyAI.Environment.EpisodeLength.sum": {
            "value": 9645.0,
            "min": 7376.0,
            "max": 11221.0,
            "count": 200
        },
        "EnemyAI.Step.mean": {
            "value": 1999990.0,
            "min": 9983.0,
            "max": 1999990.0,
            "count": 200
        },
        "EnemyAI.Step.sum": {
            "value": 1999990.0,
            "min": 9983.0,
            "max": 1999990.0,
            "count": 200
        },
        "EnemyAI.Policy.ExtrinsicValueEstimate.mean": {
            "value": -0.44167423248291016,
            "min": -1.0818713903427124,
            "max": -0.015373590402305126,
            "count": 200
        },
        "EnemyAI.Policy.ExtrinsicValueEstimate.sum": {
            "value": -49.46751403808594,
            "min": -126.06884765625,
            "max": -1.8755780458450317,
            "count": 200
        },
        "EnemyAI.Environment.CumulativeReward.mean": {
            "value": -1.1753047969072097,
            "min": -3.4675875196651536,
            "max": -0.9118209274545792,
            "count": 200
        },
        "EnemyAI.Environment.CumulativeReward.sum": {
            "value": -72.868897408247,
            "min": -214.1389887034893,
            "max": -56.532897502183914,
            "count": 200
        },
        "EnemyAI.Policy.ExtrinsicReward.mean": {
            "value": -1.1753047969072097,
            "min": -3.4675875196651536,
            "max": -0.9118209274545792,
            "count": 200
        },
        "EnemyAI.Policy.ExtrinsicReward.sum": {
            "value": -72.868897408247,
            "min": -214.1389887034893,
            "max": -56.532897502183914,
            "count": 200
        },
        "EnemyAI.IsTraining.mean": {
            "value": 1.0,
            "min": 1.0,
            "max": 1.0,
            "count": 200
        },
        "EnemyAI.IsTraining.sum": {
            "value": 1.0,
            "min": 1.0,
            "max": 1.0,
            "count": 200
        },
        "EnemyAI.Losses.PolicyLoss.mean": {
            "value": 0.017175660639380416,
            "min": 0.012228385506508252,
            "max": 0.02375670274098714,
            "count": 97
        },
        "EnemyAI.Losses.PolicyLoss.sum": {
            "value": 0.017175660639380416,
            "min": 0.012228385506508252,
            "max": 0.02375670274098714,
            "count": 97
        },
        "EnemyAI.Losses.ValueLoss.mean": {
            "value": 0.037112063417832054,
            "min": 0.028970014055569968,
            "max": 0.059153022989630696,
            "count": 97
        },
        "EnemyAI.Losses.ValueLoss.sum": {
            "value": 0.037112063417832054,
            "min": 0.028970014055569968,
            "max": 0.059153022989630696,
            "count": 97
        },
        "EnemyAI.Policy.LearningRate.mean": {
            "value": 1.1301996232999899e-06,
            "min": 1.1301996232999899e-06,
            "max": 0.0002969256010247999,
            "count": 97
        },
        "EnemyAI.Policy.LearningRate.sum": {
            "value": 1.1301996232999899e-06,
            "min": 1.1301996232999899e-06,
            "max": 0.0002969256010247999,
            "count": 97
        },
        "EnemyAI.Policy.Epsilon.mean": {
            "value": 0.1003767,
            "min": 0.1003767,
            "max": 0.19897519999999994,
            "count": 97
        },
        "EnemyAI.Policy.Epsilon.sum": {
            "value": 0.1003767,
            "min": 0.1003767,
            "max": 0.19897519999999994,
            "count": 97
        },
        "EnemyAI.Policy.Beta.mean": {
            "value": 2.879732999999984e-05,
            "min": 2.879732999999984e-05,
            "max": 0.004948862480000001,
            "count": 97
        },
        "EnemyAI.Policy.Beta.sum": {
            "value": 2.879732999999984e-05,
            "min": 2.879732999999984e-05,
            "max": 0.004948862480000001,
            "count": 97
        }
    },
    "metadata": {
        "timer_format_version": "0.1.0",
        "start_time_seconds": "1757580158",
        "python_version": "3.8.20 (default, Oct  3 2024, 15:19:54) [MSC v.1929 64 bit (AMD64)]",
        "command_line_arguments": "C:\\Users\\User\\anaconda3\\envs\\mlagents_env\\Scripts\\mlagents-learn config/enemy_attack_trainer_config.yaml --run-id=EnemyAI_Attack_Run_04 --env=./Build/AttackTraining/AI_Enemy.exe --num-envs=4",
        "mlagents_version": "0.28.0",
        "mlagents_envs_version": "0.28.0",
        "communication_protocol_version": "1.5.0",
        "pytorch_version": "2.4.1+cu118",
        "numpy_version": "1.21.6",
        "end_time_seconds": "1757583644"
    },
    "total": 3486.3899456,
    "count": 1,
    "self": 0.3990540999998302,
    "children": {
        "run_training.setup": {
            "total": 0.2315577000000002,
            "count": 1,
            "self": 0.2315577000000002
        },
        "TrainerController.start_learning": {
            "total": 3485.7593338,
            "count": 1,
            "self": 5.2445984000373755,
            "children": {
                "TrainerController._reset_env": {
                    "total": 6.360314299999999,
                    "count": 1,
                    "self": 6.360314299999999
                },
                "TrainerController.advance": {
                    "total": 3474.0622552999625,
                    "count": 174538,
                    "self": 4.660957899931873,
                    "children": {
                        "env_step": {
                            "total": 2648.42210690008,
                            "count": 174538,
                            "self": 536.4066826001495,
                            "children": {
                                "SubprocessEnvManager._take_step": {
                                    "total": 2109.296827099869,
                                    "count": 209626,
                                    "self": 20.987494399918432,
                                    "children": {
                                        "TorchPolicy.evaluate": {
                                            "total": 2088.3093326999506,
                                            "count": 200203,
                                            "self": 892.9983819999325,
                                            "children": {
                                                "TorchPolicy.sample_actions": {
                                                    "total": 1195.310950700018,
                                                    "count": 200203,
                                                    "self": 1195.310950700018
                                                }
                                            }
                                        }
                                    }
                                },
                                "workers": {
                                    "total": 2.7185972000616463,
                                    "count": 174538,
                                    "self": 0.0,
                                    "children": {
                                        "worker_root": {
                                            "total": 13914.054877499973,
                                            "count": 209624,