{
    "name": "root",
    "gauges": {
        "EnemyAI.Policy.Entropy.mean": {
            "value": 1.5924381017684937,
            "min": 1.5445364713668823,
            "max": 2.9860801696777344,
            "count": 150
        },
        "EnemyAI.Policy.Entropy.sum": {
            "value": 16024.7041015625,
            "min": 15407.333984375,
            "max": 30768.5703125,
            "count": 150
        },
        "EnemyAI.Step.mean": {
            "value": 1499940.0,
            "min": 9975.0,
            "max": 1499940.0,
            "count": 150
        },
        "EnemyAI.Step.sum": {
            "value": 1499940.0,
            "min": 9975.0,
            "max": 1499940.0,
            "count": 150
        },
        "EnemyAI.Policy.ExtrinsicValueEstimate.mean": {
            "value": 0.9041519165039062,
            "min": -0.2526456117630005,
            "max": 0.9167262315750122,
            "count": 150
        },
        "EnemyAI.Policy.ExtrinsicValueEstimate.sum": {
            "value": 102.1691665649414,
            "min": -22.73810386657715,
            "max": 107.05579376220703,
            "count": 150
        },
        "EnemyAI.Environment.EpisodeLength.mean": {
            "value": 90.60550458715596,
            "min": 85.9304347826087,
            "max": 460.17391304347825,
            "count": 150
        },
        "EnemyAI.Environment.EpisodeLength.sum": {
            "value": 9876.0,
            "min": 9022.0,
            "max": 10890.0,
            "count": 150
        },
        "EnemyAI.Environment.CumulativeReward.mean": {
            "value": 1.664938521767975,
            "min": -3.1211348350929176,
            "max": 1.7088267714051264,
            "count": 150
        },
        "EnemyAI.Environment.CumulativeReward.sum": {
            "value": 181.47829887270927,
            "min": -71.78610120713711,
            "max": 195.45829918980598,
            "count": 150
        },
        "EnemyAI.Policy.ExtrinsicReward.mean": {
            "value": 1.664938521767975,
            "min": -3.1211348350929176,
            "max": 1.7088267714051264,
            "count": 150
        },
        "EnemyAI.Policy.ExtrinsicReward.sum": {
            "value": 181.47829887270927,
            "min": -71.78610120713711,
            "max": 195.45829918980598,
            "count": 150
        },
        "EnemyAI.IsTraining.mean": {
            "value": 1.0,
            "min": 1.0,
            "max": 1.0,
            "count": 150
        },
        "EnemyAI.IsTraining.sum": {
            "value": 1.0,
            "min": 1.0,
            "max": 1.0,
            "count": 150
        },
        "EnemyAI.Losses.PolicyLoss.mean": {
            "value": 0.016681837538878124,
            "min": 0.010139599263978501,
            "max": 0.021564543495575586,
            "count": 73
        },
        "EnemyAI.Losses.PolicyLoss.sum": {
            "value": 0.016681837538878124,
            "min": 0.010139599263978501,
            "max": 0.021564543495575586,
            "count": 73
        },
        "EnemyAI.Losses.ValueLoss.mean": {
            "value": 0.006335217567781607,
            "min": 0.006068728243311246,
            "max": 0.1442093866566817,
            "count": 73
        },
        "EnemyAI.Losses.ValueLoss.sum": {
            "value": 0.006335217567781607,
            "min": 0.006068728243311246,
            "max": 0.1442093866566817,
            "count": 73
        },
        "EnemyAI.Policy.LearningRate.mean": {
            "value": 2.7229990926667796e-07,
            "min": 2.7229990926667796e-07,
            "max": 0.00029590260136579994,
            "count": 73
        },
        "EnemyAI.Policy.LearningRate.sum": {
            "value": 2.7229990926667796e-07,
            "min": 2.7229990926667796e-07,
            "max": 0.00029590260136579994,
            "count": 73
        },
        "EnemyAI.Policy.Epsilon.mean": {
            "value": 0.10009073333333336,
            "min": 0.10009073333333336,
            "max": 0.19863419999999998,
            "count": 73
        },
        "EnemyAI.Policy.Epsilon.sum": {
            "value": 0.10009073333333336,
            "min": 0.10009073333333336,
            "max": 0.19863419999999998,
            "count": 73
        },
        "EnemyAI.Policy.Beta.mean": {
            "value": 1.4527593333333528e-05,
            "min": 1.4527593333333528e-05,
            "max": 0.004931846580000001,
            "count": 73
        },
        "EnemyAI.Policy.Beta.sum": {
            "value": 1.4527593333333528e-05,
            "min": 1.4527593333333528e-05,
            "max": 0.004931846580000001,
            "count": 73
        }
    },
    "metadata": {
        "timer_format_version": "0.1.0",
        "start_time_seconds": "1753680920",
        "python_version": "3.8.20 (default, Oct  3 2024, 15:19:54) [MSC v.1929 64 bit (AMD64)]",
        "command_line_arguments": "C:\\Users\\User\\anaconda3\\envs\\mlagents_env\\Scripts\\mlagents-learn config/enemy_trainer_config.yaml --run-id=EnemyAI_Build_Run_13 --env=./Build/AI_Enemy.exe --num-envs=4",
        "mlagents_version": "0.28.0",
        "mlagents_envs_version": "0.28.0",
        "communication_protocol_version": "1.5.0",
        "pytorch_version": "2.4.1+cu118",
        "numpy_version": "1.21.6",
        "end_time_seconds": "1753687988"
    },
    "total": 7067.656652899999,
    "count": 1,
    "self": 0.5527630999995381,
    "children": {
        "run_training.setup": {
            "total": 0.21518009999999999,
            "count": 1,
            "self": 0.21518009999999999
        },
        "TrainerController.start_learning": {
            "total": 7066.8887097,
            "count": 1,
            "self": 14.76079070016749,
            "children": {
                "TrainerController._reset_env": {
                    "total": 9.4993104,
                    "count": 1,
                    "self": 9.4993104
                },
                "TrainerController.advance": {
                    "total": 7042.563673099833,
                    "count": 589719,
                    "self": 11.983122600014212,
                    "children": {
                        "env_step": {
                            "total": 6710.487101100011,
                            "count": 589719,
                            "self": 566.1378095001246,
                            "children": {
                                "SubprocessEnvManager._take_step": {
                                    "total": 6133.1689313998695,
                                    "count": 1508903,
                                    "self": 86.66855039990969,
                                    "children": {
                                        "TorchPolicy.evaluate": {
                                            "total": 6046.50038099996,
                                            "count": 1500249,
                                            "self": 1880.6554548997883,
                                            "children": {
                                                "TorchPolicy.sample_actions": {
                                                    "total": 4165.8449261001715,
                                                    "count": 1500249,
                                                    "self": 4165.8449261001715
                                                }
                                            }
                                        }
                                    }
                                },
                                "workers": {
                                    "total": 11.1803602000171,
                                    "count": 589719,
                                    "self": 0.0,
                                    "children": {
                                        "worker_root": {
                                            "total": 28199.27872380006,
                                            "count": 1508902,