{
    "name": "root",
    "gauges": {
        "EnemyAI.Policy.Entropy.mean": {
            "value": 1.3033835887908936,
            "min": 1.2833948135375977,
            "max": 1.7357640266418457,
            "count": 200
        },
        "EnemyAI.Policy.Entropy.sum": {
            "value": 63218.015625,
            "min": 59426.765625,
            "max": 303904.5,
            "count": 200
        },
        "EnemyAI.Environment.EpisodeLength.mean": {
            "value": 146.67952522255192,
            "min": 111.265625,
            "max": 169.1491525423729,
            "count": 200
        },
        "EnemyAI.Environment.EpisodeLength.sum": {
            "value": 49431.0,
            "min": 40866.0,
            "max": 57934.0,
            "count": 200
        },
        "EnemyAI.Step.mean": {
            "value": 29999907.0,
            "min": 20049968.0,
            "max": 29999907.0,
            "count": 200
        },
        "EnemyAI.Step.sum": {
            "value": 29999907.0,
            "min": 20049968.0,
            "max": 29999907.0,
            "count": 200
        },
        "EnemyAI.Policy.ExtrinsicValueEstimate.mean": {
            "value": 0.6135708093643188,
            "min": 0.4368416666984558,
            "max": 0.6227427124977112,
            "count": 200
        },
        "EnemyAI.Policy.ExtrinsicValueEstimate.sum": {
            "value": 210.4547882080078,
            "min": 137.02044677734375,
            "max": 223.2235870361328,
            "count": 200
        },
        "EnemyAI.Environment.CumulativeReward.mean": {
            "value": 1.019361278158267,
            "min": 0.707346067405664,
            "max": 1.1679398579194264,
            "count": 200
        },
        "EnemyAI.Environment.CumulativeReward.sum": {
            "value": 343.524750739336,
            "min": 220.69197303056717,
            "max": 501.5312419384718,
            "count": 200
        },
        "EnemyAI.Policy.ExtrinsicReward.mean": {
            "value": 1.019361278158267,
            "min": 0.707346067405664,
            "max": 1.1679398579194264,
            "count": 200
        },
        "EnemyAI.Policy.ExtrinsicReward.sum": {
            "value": 343.524750739336,
            "min": 220.69197303056717,
            "max": 501.5312419384718,
            "count": 200
        },
        "EnemyAI.Losses.PolicyLoss.mean": {
            "value": 0.010978920897468925,
            "min": 0.0075772626791149374,
            "max": 0.016720796834367016,
            "count": 200
        },
        "EnemyAI.Losses.PolicyLoss.sum": {
            "value": 0.010978920897468925,
            "min": 0.0075772626791149374,
            "max": 0.029384626219204315,
            "count": 200
        },
        "EnemyAI.Losses.ValueLoss.mean": {
            "value": 0.038445509721835455,
            "min": 0.03264628667384386,
            "max": 0.05976167457799117,
            "count": 200
        },
        "EnemyAI.Losses.ValueLoss.sum": {
            "value": 0.038445509721835455,
            "min": 0.03264628667384386,
            "max": 0.11311544626951217,
            "count": 200
        },
        "EnemyAI.Policy.LearningRate.mean": {
            "value": 3.2054989318332766e-07,
            "min": 3.2054989318332766e-07,
            "max": 9.958275680576999e-05,
            "count": 200
        },
        "EnemyAI.Policy.LearningRate.sum": {
            "value": 3.2054989318332766e-07,
            "min": 3.2054989318332766e-07,
            "max": 0.00019544746485089,
            "count": 200
        },
        "EnemyAI.Policy.Epsilon.mean": {
            "value": 0.10010681666666664,
            "min": 0.10010681666666664,
            "max": 0.13319423000000002,
            "count": 200
        },
        "EnemyAI.Policy.Epsilon.sum": {
            "value": 0.10010681666666664,
            "min": 0.10010681666666664,
            "max": 0.26514910999999997,
            "count": 200
        },
        "EnemyAI.Policy.Beta.mean": {
            "value": 1.5330151666666572e-05,
            "min": 1.5330151666666572e-05,
            "max": 0.0016663920770000002,
            "count": 200
        },
        "EnemyAI.Policy.Beta.sum": {
            "value": 1.5330151666666572e-05,
            "min": 1.5330151666666572e-05,
            "max": 0.0032709405889999993,
            "count": 200
        },
        "EnemyAI.IsTraining.mean": {
            "value": 1.0,
            "min": 1.0,
            "max": 1.0,
            "count": 200
        },
        "EnemyAI.IsTraining.sum": {
            "value": 1.0,
            "min": 1.0,
            "max": 1.0,
            "count": 200
        }
    },
    "metadata": {
        "timer_format_version": "0.1.0",
        "start_time_seconds": "1759483624",
        "python_version": "3.8.20 (default, Oct  3 2024, 15:19:54) [MSC v.1929 64 bit (AMD64)]",
        "command_line_arguments": "C:\\Users\\User\\anaconda3\\envs\\mlagents_env\\Scripts\\mlagents-learn config/enemy_attack_trainer_config.yaml --run-id=EnemyAI_Attack_Run_34 --env=./Build/AttackTraining/AI_Enemy.exe --time-scale=1.0 --capture-frame-rate=0 --num-envs=8 --resume",
        "mlagents_version": "0.28.0",
        "mlagents_envs_version": "0.28.0",
        "communication_protocol_version": "1.5.0",
        "pytorch_version": "2.4.1+cu118",
        "numpy_version": "1.21.6",
        "end_time_seconds": "1759488297"
    },
    "total": 4672.5772588,
    "count": 1,
    "self": 0.5798555999999735,
    "children": {
        "run_training.setup": {
            "total": 0.43791270000000004,
            "count": 1,
            "self": 0.43791270000000004
        },
        "TrainerController.start_learning": {
            "total": 4671.5594905,
            "count": 1,
            "self": 1.5230116999937309,
            "children": {
                "TrainerController._reset_env": {
                    "total": 10.753464600000001,
                    "count": 1,
                    "self": 10.753464600000001
                },
                "TrainerController.advance": {
                    "total": 4659.195770200006,
                    "count": 36171,
                    "self": 1.5499311998819394,
                    "children": {
                        "env_step": {
                            "total": 1040.210223100059,
                            "count": 36171,
                            "self": 690.0579328000628,
                            "children": {
                                "SubprocessEnvManager._take_step": {
                                    "total": 349.11892379998096,
                                    "count": 109736,
                                    "self": 11.668757399966012,
                                    "children": {
                                        "TorchPolicy.evaluate": {
                                            "total": 337.45016640001495,
                                            "count": 59785,
                                            "self": 108.15403000008229,
                                            "children": {
                                                "TorchPolicy.sample_actions": {
                                                    "total": 229.29613639993266,
                                                    "count": 59785,
                                                    "self": 229.29613639993266
                                                }
                                            }
                                        }
                                    }
                                },
                                "workers": {
                                    "total": 1.033366500015319,
                                    "count": 36171,
                                    "self": 0.0,