{
    "name": "root",
    "gauges": {
        "EnemyAI.Policy.Entropy.mean": {
            "value": 1.5392025709152222,
            "min": 1.5144494771957397,
            "max": 3.2037062644958496,
            "count": 60
        },
        "EnemyAI.Policy.Entropy.sum": {
            "value": 76375.234375,
            "min": 75040.96875,
            "max": 167778.09375,
            "count": 60
        },
        "EnemyAI.Environment.EpisodeLength.mean": {
            "value": 150.43504531722056,
            "min": 146.39285714285714,
            "max": 196.12648221343875,
            "count": 60
        },
        "EnemyAI.Environment.EpisodeLength.sum": {
            "value": 49794.0,
            "min": 48012.0,
            "max": 50861.0,
            "count": 60
        },
        "EnemyAI.Step.mean": {
            "value": 2999969.0,
            "min": 49922.0,
            "max": 2999969.0,
            "count": 60
        },
        "EnemyAI.Step.sum": {
            "value": 2999969.0,
            "min": 49922.0,
            "max": 2999969.0,
            "count": 60
        },
        "EnemyAI.Policy.ExtrinsicValueEstimate.mean": {
            "value": -0.6986573934555054,
            "min": -1.239764928817749,
            "max": -0.004688059911131859,
            "count": 60
        },
        "EnemyAI.Policy.ExtrinsicValueEstimate.sum": {
            "value": -401.02935791015625,
            "min": -664.5139770507812,
            "max": -2.4659194946289062,
            "count": 60
        },
        "EnemyAI.Environment.CumulativeReward.mean": {
            "value": -1.6027718978849324,
            "min": -3.889058762570707,
            "max": -1.5645018063958318,
            "count": 60
        },
        "EnemyAI.Environment.CumulativeReward.sum": {
            "value": -528.9147263020277,
            "min": -956.7084555923939,
            "max": -508.4231624007225,
            "count": 60
        },
        "EnemyAI.Policy.ExtrinsicReward.mean": {
            "value": -1.6027718978849324,
            "min": -3.889058762570707,
            "max": -1.5645018063958318,
            "count": 60
        },
        "EnemyAI.Policy.ExtrinsicReward.sum": {
            "value": -528.9147263020277,
            "min": -956.7084555923939,
            "max": -508.4231624007225,
            "count": 60
        },
        "EnemyAI.Losses.PolicyLoss.mean": {
            "value": 0.021441089386741323,
            "min": 0.020528317453960578,
            "max": 0.026324115370710693,
            "count": 60
        },
        "EnemyAI.Losses.PolicyLoss.sum": {
            "value": 0.10720544693370661,
            "min": 0.08688133846347532,
            "max": 0.13162057685355347,
            "count": 60
        },
        "EnemyAI.Losses.ValueLoss.mean": {
            "value": 0.03198452534774939,
            "min": 0.02199107641975085,
            "max": 0.09023387444516023,
            "count": 60
        },
        "EnemyAI.Losses.ValueLoss.sum": {
            "value": 0.15992262673874696,
            "min": 0.09284954750910401,
            "max": 0.36093549778064093,
            "count": 60
        },
        "EnemyAI.Policy.LearningRate.mean": {
            "value": 2.37529920826666e-06,
            "min": 2.37529920826666e-06,
            "max": 0.0002974274258575249,
            "count": 60
        },
        "EnemyAI.Policy.LearningRate.sum": {
            "value": 1.18764960413333e-05,
            "min": 1.18764960413333e-05,
            "max": 0.0014639145120284996,
            "count": 60
        },
        "EnemyAI.Policy.Epsilon.mean": {
            "value": 0.10079173333333333,
            "min": 0.10079173333333333,
            "max": 0.19914247499999999,
            "count": 60
        },
        "EnemyAI.Policy.Epsilon.sum": {
            "value": 0.5039586666666667,
            "min": 0.42992423333333335,
            "max": 0.9879715000000002,
            "count": 60
        },
        "EnemyAI.Policy.Beta.mean": {
            "value": 4.9507493333333215e-05,
            "min": 4.9507493333333215e-05,
            "max": 0.0049572095025,
            "count": 60
        },
        "EnemyAI.Policy.Beta.sum": {
            "value": 0.00024753746666666607,
            "min": 0.00024753746666666607,
            "max": 0.02439977785,
            "count": 60
        },
        "EnemyAI.IsTraining.mean": {
            "value": 1.0,
            "min": 1.0,
            "max": 1.0,
            "count": 60
        },
        "EnemyAI.IsTraining.sum": {
            "value": 1.0,
            "min": 1.0,
            "max": 1.0,
            "count": 60
        }
    },
    "metadata": {
        "timer_format_version": "0.1.0",
        "start_time_seconds": "1758033330",
        "python_version": "3.8.20 (default, Oct  3 2024, 15:19:54) [MSC v.1929 64 bit (AMD64)]",
        "command_line_arguments": "C:\\Users\\User\\anaconda3\\envs\\mlagents_env\\Scripts\\mlagents-learn config/enemy_attack_trainer_config.yaml --run-id=EnemyAI_Attack_Run_15 --env=./Build/AttackTraining/AI_Enemy.exe --num-envs=4",
        "mlagents_version": "0.28.0",
        "mlagents_envs_version": "0.28.0",
        "communication_protocol_version": "1.5.0",
        "pytorch_version": "2.4.1+cu118",
        "numpy_version": "1.21.6",
        "end_time_seconds": "1758041450"
    },
    "total": 8120.2397934,
    "count": 1,
    "self": 0.5347145999994609,
    "children": {
        "run_training.setup": {
            "total": 0.2309158,
            "count": 1,
            "self": 0.2309158
        },
        "TrainerController.start_learning": {
            "total": 8119.474163000001,
            "count": 1,
            "self": 6.732375899928229,
            "children": {
                "TrainerController._reset_env": {
                    "total": 6.4029161000000006,
                    "count": 1,
                    "self": 6.4029161000000006
                },
                "TrainerController.advance": {
                    "total": 8106.258640900072,
                    "count": 249594,
                    "self": 5.5354624002193304,
                    "children": {
                        "env_step": {
                            "total": 6503.932715299932,
                            "count": 249594,
                            "self": 1585.9759905999617,
                            "children": {
                                "SubprocessEnvManager._take_step": {
                                    "total": 4914.153619400033,
                                    "count": 315403,
                                    "self": 27.01604419996238,
                                    "children": {
                                        "TorchPolicy.evaluate": {
                                            "total": 4887.13757520007,
                                            "count": 300204,
                                            "self": 2389.3076865001326,
                                            "children": {
                                                "TorchPolicy.sample_actions": {
                                                    "total": 2497.829888699938,
                                                    "count": 300204,
                                                    "self": 2497.829888699938
                                                }
                                            }
                                        }
                                    }
                                },
                                "workers": {
                                    "total": 3.8031052999377337,
                                    "count": 249594,
                                    "self": 0.0,
                                    "children": {
                                        "worker_root": {
                                            "total": 32447.46980090051,
                                            "count": 315400,