{
    "name": "root",
    "gauges": {
        "EnemyAI.Policy.Entropy.mean": {
            "value": 1.327844500541687,
            "min": 1.2662339210510254,
            "max": 1.7247192859649658,
            "count": 400
        },
        "EnemyAI.Policy.Entropy.sum": {
            "value": 73156.265625,
            "min": 58776.89453125,
            "max": 198091.5,
            "count": 400
        },
        "EnemyAI.Environment.EpisodeLength.mean": {
            "value": 107.5195652173913,
            "min": 79.3076923076923,
            "max": 147.57894736842104,
            "count": 400
        },
        "EnemyAI.Environment.EpisodeLength.sum": {
            "value": 49459.0,
            "min": 45233.0,
            "max": 54650.0,
            "count": 400
        },
        "EnemyAI.Step.mean": {
            "value": 39999895.0,
            "min": 20049983.0,
            "max": 39999895.0,
            "count": 400
        },
        "EnemyAI.Step.sum": {
            "value": 39999895.0,
            "min": 20049983.0,
            "max": 39999895.0,
            "count": 400
        },
        "EnemyAI.Policy.ExtrinsicValueEstimate.mean": {
            "value": 0.6472570300102234,
            "min": 0.36368852853775024,
            "max": 0.7726964354515076,
            "count": 400
        },
        "EnemyAI.Policy.ExtrinsicValueEstimate.sum": {
            "value": 298.385498046875,
            "min": 138.01541137695312,
            "max": 480.6171875,
            "count": 400
        },
        "EnemyAI.Environment.CumulativeReward.mean": {
            "value": 1.0938996063654438,
            "min": 0.5888650308804018,
            "max": 1.5859997127792076,
            "count": 400
        },
        "EnemyAI.Environment.CumulativeReward.sum": {
            "value": 504.2877185344696,
            "min": 210.22481602430344,
            "max": 986.4918213486671,
            "count": 400
        },
        "EnemyAI.Policy.ExtrinsicReward.mean": {
            "value": 1.0938996063654438,
            "min": 0.5888650308804018,
            "max": 1.5859997127792076,
            "count": 400
        },
        "EnemyAI.Policy.ExtrinsicReward.sum": {
            "value": 504.2877185344696,
            "min": 210.22481602430344,
            "max": 986.4918213486671,
            "count": 400
        },
        "EnemyAI.Losses.PolicyLoss.mean": {
            "value": 0.015396831650286913,
            "min": 0.007373709216093024,
            "max": 0.017733143580456575,
            "count": 400
        },
        "EnemyAI.Losses.PolicyLoss.sum": {
            "value": 0.015396831650286913,
            "min": 0.007373709216093024,
            "max": 0.02974445656873286,
            "count": 400
        },
        "EnemyAI.Losses.ValueLoss.mean": {
            "value": 0.04671638707319895,
            "min": 0.02554255419721206,
            "max": 0.07302404592434565,
            "count": 400
        },
        "EnemyAI.Losses.ValueLoss.sum": {
            "value": 0.04671638707319895,
            "min": 0.02554255419721206,
            "max": 0.13925147950649264,
            "count": 400
        },
        "EnemyAI.Policy.LearningRate.mean": {
            "value": 2.843199052600128e-07,
            "min": 2.843199052600128e-07,
            "max": 0.000149675855108065,
            "count": 400
        },
        "EnemyAI.Policy.LearningRate.sum": {
            "value": 2.843199052600128e-07,
            "min": 2.843199052600128e-07,
            "max": 0.00029657373364212254,
            "count": 400
        },
        "EnemyAI.Policy.Epsilon.mean": {
            "value": 0.10009473999999999,
            "min": 0.10009473999999999,
            "max": 0.14989193500000003,
            "count": 400
        },
        "EnemyAI.Policy.Epsilon.sum": {
            "value": 0.10009473999999999,
            "min": 0.10009473999999999,
            "max": 0.29885787750000004,
            "count": 400
        },
        "EnemyAI.Policy.Beta.mean": {
            "value": 1.472752600000021e-05,
            "min": 1.472752600000021e-05,
            "max": 0.0024996075565,
            "count": 400
        },
        "EnemyAI.Policy.Beta.sum": {
            "value": 1.472752600000021e-05,
            "min": 1.472752600000021e-05,
            "max": 0.00495300808725,
            "count": 400
        },
        "EnemyAI.IsTraining.mean": {
            "value": 1.0,
            "min": 1.0,
            "max": 1.0,
            "count": 400
        },
        "EnemyAI.IsTraining.sum": {
            "value": 1.0,
            "min": 1.0,
            "max": 1.0,
            "count": 400
        }
    },
    "metadata": {
        "timer_format_version": "0.1.0",
        "start_time_seconds": "1759828315",
        "python_version": "3.8.20 (default, Oct  3 2024, 15:19:54) [MSC v.1929 64 bit (AMD64)]",
        "command_line_arguments": "C:\\Users\\User\\anaconda3\\envs\\mlagents_env\\Scripts\\mlagents-learn config/enemy_attack_trainer_config.yaml --run-id=EnemyAI_Attack_Run_35 --env=./Build/AttackTraining/AI_Enemy.exe --time-scale=1.0 --capture-frame-rate=0 --num-envs=8 --resume",
        "mlagents_version": "0.28.0",
        "mlagents_envs_version": "0.28.0",
        "communication_protocol_version": "1.5.0",
        "pytorch_version": "2.4.1+cu118",
        "numpy_version": "1.21.6",
        "end_time_seconds": "1759837489"
    },
    "total": 9173.235840000001,
    "count": 1,
    "self": 0.6040589999993244,
    "children": {
        "run_training.setup": {
            "total": 0.5659046999999999,
            "count": 1,
            "self": 0.5659046999999999
        },
        "TrainerController.start_learning": {
            "total": 9172.065876300001,
            "count": 1,
            "self": 2.9012292000497837,
            "children": {
                "TrainerController._reset_env": {
                    "total": 12.385619,
                    "count": 1,
                    "self": 12.385619
                },
                "TrainerController.advance": {
                    "total": 9156.684618199952,
                    "count": 69172,
                    "self": 2.693435799872532,
                    "children": {
                        "env_step": {
                            "total": 1991.890216300119,
                            "count": 69172,
                            "self": 1317.1917185997643,
                            "children": {
                                "SubprocessEnvManager._take_step": {
                                    "total": 672.4378312003641,
                                    "count": 243464,
                                    "self": 21.471972000075198,
                                    "children": {
                                        "TorchPolicy.evaluate": {
                                            "total": 650.965859200289,
                                            "count": 118862,
                                            "self": 204.00307900024467,
                                            "children": {
                                                "TorchPolicy.sample_actions": {
                                                    "total": 446.9627802000443,
                                                    "count": 118862,
                                                    "self": 446.9627802000443
                                                }
                                            }
                                        }
                                    }
                                },
                                "workers": {
                                    "total": 2.2606664999905313,
                                    "count": 69172,
                                    "self": 0.0,
                                    "children": {
                                        "worker_root": {
                                            "total": 73286.03502440137,