{
    "name": "root",
    "gauges": {
        "EnemyAI.Policy.Entropy.mean": {
            "value": 1.834648609161377,
            "min": 1.8108872175216675,
            "max": 2.3942155838012695,
            "count": 235
        },
        "EnemyAI.Policy.Entropy.sum": {
            "value": 88675.90625,
            "min": 82466.125,
            "max": 276485.3125,
            "count": 235
        },
        "EnemyAI.Environment.EpisodeLength.mean": {
            "value": 127.4342105263158,
            "min": 77.41884816753927,
            "max": 153.31292517006804,
            "count": 235
        },
        "EnemyAI.Environment.EpisodeLength.sum": {
            "value": 48425.0,
            "min": 29574.0,
            "max": 55111.0,
            "count": 235
        },
        "EnemyAI.Step.mean": {
            "value": 29999904.0,
            "min": 18299939.0,
            "max": 29999904.0,
            "count": 235
        },
        "EnemyAI.Step.sum": {
            "value": 29999904.0,
            "min": 18299939.0,
            "max": 29999904.0,
            "count": 235
        },
        "EnemyAI.Policy.ExtrinsicValueEstimate.mean": {
            "value": 0.9090558886528015,
            "min": 0.485154926776886,
            "max": 0.9265996217727661,
            "count": 235
        },
        "EnemyAI.Policy.ExtrinsicValueEstimate.sum": {
            "value": 358.16802978515625,
            "min": 175.27676391601562,
            "max": 381.78558349609375,
            "count": 235
        },
        "EnemyAI.Environment.CumulativeReward.mean": {
            "value": 1.9168246689997122,
            "min": 1.0448329715399414,
            "max": 1.988726391915291,
            "count": 235
        },
        "EnemyAI.Environment.CumulativeReward.sum": {
            "value": 726.4765495508909,
            "min": 317.92892134189606,
            "max": 799.8947640657425,
            "count": 235
        },
        "EnemyAI.Policy.ExtrinsicReward.mean": {
            "value": 1.9168246689997122,
            "min": 1.0448329715399414,
            "max": 1.988726391915291,
            "count": 235
        },
        "EnemyAI.Policy.ExtrinsicReward.sum": {
            "value": 726.4765495508909,
            "min": 317.92892134189606,
            "max": 799.8947640657425,
            "count": 235
        },
        "EnemyAI.IsTraining.mean": {
            "value": 1.0,
            "min": 1.0,
            "max": 1.0,
            "count": 235
        },
        "EnemyAI.IsTraining.sum": {
            "value": 1.0,
            "min": 1.0,
            "max": 1.0,
            "count": 235
        },
        "EnemyAI.Losses.PolicyLoss.mean": {
            "value": 0.012134081156303485,
            "min": 0.009027862657482425,
            "max": 0.017985011156027516,
            "count": 234
        },
        "EnemyAI.Losses.PolicyLoss.sum": {
            "value": 0.012134081156303485,
            "min": 0.009027862657482425,
            "max": 0.03087749807164073,
            "count": 234
        },
        "EnemyAI.Losses.ValueLoss.mean": {
            "value": 0.033892681387563545,
            "min": 0.022571644062797228,
            "max": 0.08425164545575778,
            "count": 234
        },
        "EnemyAI.Losses.ValueLoss.sum": {
            "value": 0.033892681387563545,
            "min": 0.022571644062797228,
            "max": 0.14947858316202958,
            "count": 234
        },
        "EnemyAI.Policy.LearningRate.mean": {
            "value": 6.60766600599976e-07,
            "min": 6.60766600599976e-07,
            "max": 0.00038962802770386995,
            "count": 234
        },
        "EnemyAI.Policy.LearningRate.sum": {
            "value": 6.60766600599976e-07,
            "min": 6.60766600599976e-07,
            "max": 0.0007751381891528599,
            "count": 234
        },
        "EnemyAI.Policy.Epsilon.mean": {
            "value": 0.1000660666666667,
            "min": 0.1000660666666667,
            "max": 0.13896279666666664,
            "count": 234
        },
        "EnemyAI.Policy.Epsilon.sum": {
            "value": 0.1000660666666667,
            "min": 0.1000660666666667,
            "max": 0.2775138066666667,
            "count": 234
        },
        "EnemyAI.Policy.Beta.mean": {
            "value": 1.329672666666655e-05,
            "min": 1.329672666666655e-05,
            "max": 0.0019542435536666672,
            "count": 234
        },
        "EnemyAI.Policy.Beta.sum": {
            "value": 1.329672666666655e-05,
            "min": 1.329672666666655e-05,
            "max": 0.0038879389526666657,
            "count": 234
        }
    },
    "metadata": {
        "timer_format_version": "0.1.0",
        "start_time_seconds": "1760528283",
        "python_version": "3.8.20 (default, Oct  3 2024, 15:19:54) [MSC v.1929 64 bit (AMD64)]",
        "command_line_arguments": "C:\\Users\\User\\anaconda3\\envs\\mlagents_env\\Scripts\\mlagents-learn config/enemy_attack_trainer_config.yaml --run-id=EnemyAI_Attack_Run_40 --env=./Build/AttackTraining/AI_Enemy.exe --time-scale=1.0 --capture-frame-rate=0 --num-envs=8 --resume",
        "mlagents_version": "0.28.0",
        "mlagents_envs_version": "0.28.0",
        "communication_protocol_version": "1.5.0",
        "pytorch_version": "2.4.1+cu118",
        "numpy_version": "1.21.6",
        "end_time_seconds": "1760533519"
    },
    "total": 5236.6111822,
    "count": 1,
    "self": 0.5751252000009117,
    "children": {
        "run_training.setup": {
            "total": 0.4359890000000002,
            "count": 1,
            "self": 0.4359890000000002
        },
        "TrainerController.start_learning": {
            "total": 5235.600068,
            "count": 1,
            "self": 1.2333221999997477,
            "children": {
                "TrainerController._reset_env": {
                    "total": 9.8992259,
                    "count": 1,
                    "self": 9.8992259
                },
                "TrainerController.advance": {
                    "total": 5224.289982,
                    "count": 29388,
                    "self": 1.1137957999944774,
                    "children": {
                        "env_step": {
                            "total": 1173.9105241000348,
                            "count": 29388,
                            "self": 744.0488299999729,
                            "children": {
                                "SubprocessEnvManager._take_step": {
                                    "total": 428.70812420004347,
                                    "count": 132215,
                                    "self": 13.296838599999774,
                                    "children": {
                                        "TorchPolicy.evaluate": {
                                            "total": 415.4112856000437,
                                            "count": 69985,
                                            "self": 125.39468729999987,
                                            "children": {
                                                "TorchPolicy.sample_actions": {
                                                    "total": 290.0165983000438,
                                                    "count": 69985,
                                                    "self": 290.0165983000438
                                                }
                                            }
                                        }
                                    }
                                },
                                "workers": {
                                    "total": 1.1535699000183541,
                                    "count": 29388,
                                    "self": 0.0,
                                    "children": {
                                        "worker_root": {
                                            "total": 41804.814397400114,