{
    "name": "root",
    "gauges": {
        "EnemyAI.Policy.Entropy.mean": {
            "value": 1.799243688583374,
            "min": 1.799243688583374,
            "max": 2.2923314571380615,
            "count": 100
        },
        "EnemyAI.Policy.Entropy.sum": {
            "value": 18012.228515625,
            "min": 18012.228515625,
            "max": 23209.85546875,
            "count": 100
        },
        "EnemyAI.Step.mean": {
            "value": 999994.0,
            "min": 9957.0,
            "max": 999994.0,
            "count": 100
        },
        "EnemyAI.Step.sum": {
            "value": 999994.0,
            "min": 9957.0,
            "max": 999994.0,
            "count": 100
        },
        "EnemyAI.Policy.ExtrinsicValueEstimate.mean": {
            "value": 0.5436426997184753,
            "min": -1.6403242349624634,
            "max": 0.6731688380241394,
            "count": 100
        },
        "EnemyAI.Policy.ExtrinsicValueEstimate.sum": {
            "value": 115.25225830078125,
            "min": -336.2664794921875,
            "max": 147.42398071289062,
            "count": 100
        },
        "EnemyAI.Environment.EpisodeLength.mean": {
            "value": 128.03846153846155,
            "min": 109.17777777777778,
            "max": 149.53030303030303,
            "count": 100
        },
        "EnemyAI.Environment.EpisodeLength.sum": {
            "value": 9987.0,
            "min": 9534.0,
            "max": 10324.0,
            "count": 100
        },
        "EnemyAI.Environment.CumulativeReward.mean": {
            "value": 1.1606295175484915,
            "min": 0.5317439567751894,
            "max": 1.548058657211134,
            "count": 100
        },
        "EnemyAI.Environment.CumulativeReward.sum": {
            "value": 90.52910236878233,
            "min": 35.095101147162495,
            "max": 136.8432025713846,
            "count": 100
        },
        "EnemyAI.Policy.ExtrinsicReward.mean": {
            "value": 1.1606295175484915,
            "min": 0.5317439567751894,
            "max": 1.548058657211134,
            "count": 100
        },
        "EnemyAI.Policy.ExtrinsicReward.sum": {
            "value": 90.52910236878233,
            "min": 35.095101147162495,
            "max": 136.8432025713846,
            "count": 100
        },
        "EnemyAI.IsTraining.mean": {
            "value": 1.0,
            "min": 1.0,
            "max": 1.0,
            "count": 100
        },
        "EnemyAI.IsTraining.sum": {
            "value": 1.0,
            "min": 1.0,
            "max": 1.0,
            "count": 100
        },
        "EnemyAI.Losses.PolicyLoss.mean": {
            "value": 0.02059368104673922,
            "min": 0.014293206545213858,
            "max": 0.031255061458796266,
            "count": 97
        },
        "EnemyAI.Losses.PolicyLoss.sum": {
            "value": 0.02059368104673922,
            "min": 0.014293206545213858,
            "max": 0.031255061458796266,
            "count": 97
        },
        "EnemyAI.Losses.ValueLoss.mean": {
            "value": 0.04288394451141357,
            "min": 0.03316689605514209,
            "max": 0.6121429920196533,
            "count": 97
        },
        "EnemyAI.Losses.ValueLoss.sum": {
            "value": 0.04288394451141357,
            "min": 0.03316689605514209,
            "max": 0.6121429920196533,
            "count": 97
        },
        "EnemyAI.Policy.LearningRate.mean": {
            "value": 1.134699621799986e-06,
            "min": 1.134699621799986e-06,
            "max": 0.0002969226010258,
            "count": 97
        },
        "EnemyAI.Policy.LearningRate.sum": {
            "value": 1.134699621799986e-06,
            "min": 1.134699621799986e-06,
            "max": 0.0002969226010258,
            "count": 97
        },
        "EnemyAI.Policy.Epsilon.mean": {
            "value": 0.10037820000000004,
            "min": 0.10037820000000004,
            "max": 0.19897420000000007,
            "count": 97
        },
        "EnemyAI.Policy.Epsilon.sum": {
            "value": 0.10037820000000004,
            "min": 0.10037820000000004,
            "max": 0.19897420000000007,
            "count": 97
        },
        "EnemyAI.Policy.Beta.mean": {
            "value": 2.8872179999999776e-05,
            "min": 2.8872179999999776e-05,
            "max": 0.004948812579999999,
            "count": 97
        },
        "EnemyAI.Policy.Beta.sum": {
            "value": 2.8872179999999776e-05,
            "min": 2.8872179999999776e-05,
            "max": 0.004948812579999999,
            "count": 97
        }
    },
    "metadata": {
        "timer_format_version": "0.1.0",
        "start_time_seconds": "1753170756",
        "python_version": "3.8.20 (default, Oct  3 2024, 15:19:54) [MSC v.1929 64 bit (AMD64)]",
        "command_line_arguments": "C:\\Users\\User\\anaconda3\\envs\\mlagents_env\\Scripts\\mlagents-learn config/enemy_trainer_config.yaml --run-id=EnemyAI_Build_Run_08 --env=./Build/AI_Enemy.exe --num-envs=4",
        "mlagents_version": "0.28.0",
        "mlagents_envs_version": "0.28.0",
        "communication_protocol_version": "1.5.0",
        "pytorch_version": "2.4.1+cu118",
        "numpy_version": "1.21.6",
        "end_time_seconds": "1753180512"
    },
    "total": 9755.7932873,
    "count": 1,
    "self": 0.4720972000013717,
    "children": {
        "run_training.setup": {
            "total": 0.2291354000000001,
            "count": 1,
            "self": 0.2291354000000001
        },
        "TrainerController.start_learning": {
            "total": 9755.092054699999,
            "count": 1,
            "self": 22.651363899578428,
            "children": {
                "TrainerController._reset_env": {
                    "total": 6.1553757,
                    "count": 1,
                    "self": 6.1553757
                },
                "TrainerController.advance": {
                    "total": 9726.203790600419,
                    "count": 987086,
                    "self": 19.090228801196645,
                    "children": {
                        "env_step": {
                            "total": 9419.831420199438,
                            "count": 987086,
                            "self": 4901.909582499585,
                            "children": {
                                "SubprocessEnvManager._take_step": {
                                    "total": 4505.069749399692,
                                    "count": 1006954,
                                    "self": 58.01628219974009,
                                    "children": {
                                        "TorchPolicy.evaluate": {
                                            "total": 4447.053467199952,
                                            "count": 1000131,
                                            "self": 1321.0326981000653,
                                            "children": {
                                                "TorchPolicy.sample_actions": {
                                                    "total": 3126.020769099887,
                                                    "count": 1000131,
                                                    "self": 3126.020769099887
                                                }
                                            }
                                        }
                                    }
                                },
                                "workers": {
                                    "total": 12.852088300161467,
                                    "count": 987086,
                                    "self": 0.0,
                                    "children": {
                                        "worker_root": {
                                            "total": 38972.377762001466,
                                            "count": 1006951,