{
    "name": "root",
    "gauges": {
        "EnemyAI.Policy.Entropy.mean": {
            "value": 3.1451528072357178,
            "min": 3.1451528072357178,
            "max": 3.1528279781341553,
            "count": 2
        },
        "EnemyAI.Policy.Entropy.sum": {
            "value": 35049.58203125,
            "min": 22599.470703125,
            "max": 35049.58203125,
            "count": 2
        },
        "EnemyAI.Step.mean": {
            "value": 659872.0,
            "min": 649920.0,
            "max": 659872.0,
            "count": 2
        },
        "EnemyAI.Step.sum": {
            "value": 659872.0,
            "min": 649920.0,
            "max": 659872.0,
            "count": 2
        },
        "EnemyAI.Policy.ExtrinsicValueEstimate.mean": {
            "value": -0.9868088960647583,
            "min": -0.9868088960647583,
            "max": -0.9618825316429138,
            "count": 2
        },
        "EnemyAI.Policy.ExtrinsicValueEstimate.sum": {
            "value": -109.5357894897461,
            "min": -109.5357894897461,
            "max": -40.39906692504883,
            "count": 2
        },
        "EnemyAI.IsTraining.mean": {
            "value": 1.0,
            "min": 1.0,
            "max": 1.0,
            "count": 2
        },
        "EnemyAI.IsTraining.sum": {
            "value": 1.0,
            "min": 1.0,
            "max": 1.0,
            "count": 2
        },
        "EnemyAI.Environment.EpisodeLength.mean": {
            "value": 270.42857142857144,
            "min": 270.42857142857144,
            "max": 270.42857142857144,
            "count": 1
        },
        "EnemyAI.Environment.EpisodeLength.sum": {
            "value": 15144.0,
            "min": 15144.0,
            "max": 15144.0,
            "count": 1
        },
        "EnemyAI.Environment.CumulativeReward.mean": {
            "value": -2.829031935759953,
            "min": -2.829031935759953,
            "max": -2.829031935759953,
            "count": 1
        },
        "EnemyAI.Environment.CumulativeReward.sum": {
            "value": -158.42578840255737,
            "min": -158.42578840255737,
            "max": -158.42578840255737,
            "count": 1
        },
        "EnemyAI.Policy.ExtrinsicReward.mean": {
            "value": -2.829031935759953,
            "min": -2.829031935759953,
            "max": -2.829031935759953,
            "count": 1
        },
        "EnemyAI.Policy.ExtrinsicReward.sum": {
            "value": -158.42578840255737,
            "min": -158.42578840255737,
            "max": -158.42578840255737,
            "count": 1
        }
    },
    "metadata": {
        "timer_format_version": "0.1.0",
        "start_time_seconds": "1757572283",
        "python_version": "3.8.20 (default, Oct  3 2024, 15:19:54) [MSC v.1929 64 bit (AMD64)]",
        "command_line_arguments": "C:\\Users\\User\\anaconda3\\envs\\mlagents_env\\Scripts\\mlagents-learn config/enemy_mixed_trainer_config.yaml --run-id=EnemyAI_Mixed_Run_02 --env=./Build/MixedTraining/AI_Enemy.exe --num-envs=4 --resume",
        "mlagents_version": "0.28.0",
        "mlagents_envs_version": "0.28.0",
        "communication_protocol_version": "1.5.0",
        "pytorch_version": "2.4.1+cu118",
        "numpy_version": "1.21.6",
        "end_time_seconds": "1757572311"
    },
    "total": 28.3010898,
    "count": 1,
    "self": 4.217237600000001,
    "children": {
        "run_training.setup": {
            "total": 0.22577020000000014,
            "count": 1,
            "self": 0.22577020000000014
        },
        "TrainerController.start_learning": {
            "total": 23.858082,
            "count": 1,
            "self": 0.031927799999998285,
            "children": {
                "TrainerController._reset_env": {
                    "total": 8.426005799999999,
                    "count": 1,
                    "self": 8.426005799999999
                },
                "TrainerController.advance": {
                    "total": 15.281424900000001,
                    "count": 1443,
                    "self": 0.028194300000015105,
                    "children": {
                        "env_step": {
                            "total": 13.9009857999999,
                            "count": 1443,
                            "self": 7.5269053999999525,
                            "children": {
                                "SubprocessEnvManager._take_step": {
                                    "total": 6.355488899999942,
                                    "count": 1482,
                                    "self": 0.10825209999983088,
                                    "children": {
                                        "TorchPolicy.evaluate": {
                                            "total": 6.2472368000001115,
                                            "count": 1482,
                                            "self": 1.9357772000001674,
                                            "children": {
                                                "TorchPolicy.sample_actions": {
                                                    "total": 4.311459599999944,
                                                    "count": 1482,
                                                    "self": 4.311459599999944
                                                }
                                            }
                                        }
                                    }
                                },
                                "workers": {
                                    "total": 0.018591500000004757,
                                    "count": 1442,
                                    "self": 0.0,
                                    "children": {
                                        "worker_root": {
                                            "total": 63.68888000000004,
                                            "count": 1478,
                                            "is_parallel": true,
                                            "self": 17.259048700000044,
                                            "children": {
                                                "steps_from_proto": {
                                                    "total": 0.0015598000000007772,
                                                    "count": 4,
                                                    "is_parallel": true,
                                                    "self": 0.0005443000000022735,
                                                    "children": {
                                                        "_process_rank_one_or_two_observation": {
                                                            "total": 0.0010154999999985037,
                                                            "count": 16,
                                                            "is_parallel": true,
                                                            "self": 0.0010154999999985037
                                                        }
                                                    }
                                                },
                                                "UnityEnvironment.step": {
                                                    "total": 46.428271499999994,
                                                    "count": 1478,
                                                    "is_parallel": true,
                                                    "self": 0.17129039999986162,
                                                    "children": {
                                                        "UnityEnvironment._generate_step_input": {
                                                            "total": 0.18176210000005355,
                                                            "count": 1478,
                                                            "is_parallel": true,