{
    "name": "root",
    "gauges": {
        "EnemyAI.Policy.Entropy.mean": {
            "value": 1.791101098060608,
            "min": 1.7570915222167969,
            "max": 2.3305957317352295,
            "count": 200
        },
        "EnemyAI.Policy.Entropy.sum": {
            "value": 17875.189453125,
            "min": 16363.3828125,
            "max": 25866.38671875,
            "count": 200
        },
        "EnemyAI.Step.mean": {
            "value": 1999935.0,
            "min": 9945.0,
            "max": 1999935.0,
            "count": 200
        },
        "EnemyAI.Step.sum": {
            "value": 1999935.0,
            "min": 9945.0,
            "max": 1999935.0,
            "count": 200
        },
        "EnemyAI.Policy.ExtrinsicValueEstimate.mean": {
            "value": -0.28128451108932495,
            "min": -1.0299692153930664,
            "max": 0.4405161440372467,
            "count": 200
        },
        "EnemyAI.Policy.ExtrinsicValueEstimate.sum": {
            "value": -29.25358772277832,
            "min": -106.76848602294922,
            "max": 43.65946578979492,
            "count": 200
        },
        "EnemyAI.Environment.EpisodeLength.mean": {
            "value": 189.85185185185185,
            "min": 181.92857142857142,
            "max": 285.9714285714286,
            "count": 200
        },
        "EnemyAI.Environment.EpisodeLength.sum": {
            "value": 10252.0,
            "min": 4167.0,
            "max": 11987.0,
            "count": 200
        },
        "EnemyAI.Environment.CumulativeReward.mean": {
            "value": -0.7757321033837661,
            "min": -4.700643671721947,
            "max": -0.5952408333518067,
            "count": 200
        },
        "EnemyAI.Environment.CumulativeReward.sum": {
            "value": -41.1138014793396,
            "min": -192.72639054059982,
            "max": -29.16680083423853,
            "count": 200
        },
        "EnemyAI.Policy.ExtrinsicReward.mean": {
            "value": -0.7757321033837661,
            "min": -4.700643671721947,
            "max": -0.5952408333518067,
            "count": 200
        },
        "EnemyAI.Policy.ExtrinsicReward.sum": {
            "value": -41.1138014793396,
            "min": -192.72639054059982,
            "max": -29.16680083423853,
            "count": 200
        },
        "EnemyAI.IsTraining.mean": {
            "value": 1.0,
            "min": 1.0,
            "max": 1.0,
            "count": 200
        },
        "EnemyAI.IsTraining.sum": {
            "value": 1.0,
            "min": 1.0,
            "max": 1.0,
            "count": 200
        },
        "EnemyAI.Losses.PolicyLoss.mean": {
            "value": 0.017046201617146532,
            "min": 0.011587304707306127,
            "max": 0.02210179592948407,
            "count": 97
        },
        "EnemyAI.Losses.PolicyLoss.sum": {
            "value": 0.017046201617146532,
            "min": 0.011587304707306127,
            "max": 0.02210179592948407,
            "count": 97
        },
        "EnemyAI.Losses.ValueLoss.mean": {
            "value": 0.016995691135525702,
            "min": 0.010076706390827894,
            "max": 0.05353892259299755,
            "count": 97
        },
        "EnemyAI.Losses.ValueLoss.sum": {
            "value": 0.016995691135525702,
            "min": 0.010076706390827894,
            "max": 0.05353892259299755,
            "count": 97
        },
        "EnemyAI.Policy.LearningRate.mean": {
            "value": 1.1786496071500005e-06,
            "min": 1.1786496071500005e-06,
            "max": 0.0002969208010264,
            "count": 97
        },
        "EnemyAI.Policy.LearningRate.sum": {
            "value": 1.1786496071500005e-06,
            "min": 1.1786496071500005e-06,
            "max": 0.0002969208010264,
            "count": 97
        },
        "EnemyAI.Policy.Epsilon.mean": {
            "value": 0.10039285,
            "min": 0.10039285,
            "max": 0.19897360000000008,
            "count": 97
        },
        "EnemyAI.Policy.Epsilon.sum": {
            "value": 0.10039285,
            "min": 0.10039285,
            "max": 0.19897360000000008,
            "count": 97
        },
        "EnemyAI.Policy.Beta.mean": {
            "value": 2.960321500000001e-05,
            "min": 2.960321500000001e-05,
            "max": 0.004948782640000001,
            "count": 97
        },
        "EnemyAI.Policy.Beta.sum": {
            "value": 2.960321500000001e-05,
            "min": 2.960321500000001e-05,
            "max": 0.004948782640000001,
            "count": 97
        }
    },
    "metadata": {
        "timer_format_version": "0.1.0",
        "start_time_seconds": "1757507518",
        "python_version": "3.8.20 (default, Oct  3 2024, 15:19:54) [MSC v.1929 64 bit (AMD64)]",
        "command_line_arguments": "C:\\Users\\User\\anaconda3\\envs\\mlagents_env\\Scripts\\mlagents-learn config/enemy_mul_trainer_config.yaml --run-id=EnemyAI_Combat_Master_Run_06 --env=./Build/AttackTraining/AI_Enemy.exe --num-envs=4 --initialize-from=EnemyAI_Dodge_Run_06 --force",
        "mlagents_version": "0.28.0",
        "mlagents_envs_version": "0.28.0",
        "communication_protocol_version": "1.5.0",
        "pytorch_version": "2.4.1+cu118",
        "numpy_version": "1.21.6",
        "end_time_seconds": "1757510635"
    },
    "total": 3117.5884494,
    "count": 1,
    "self": 0.5311407000003783,
    "children": {
        "run_training.setup": {
            "total": 0.2194821,
            "count": 1,
            "self": 0.2194821
        },
        "TrainerController.start_learning": {
            "total": 3116.8378266,
            "count": 1,
            "self": 4.835986899929594,
            "children": {
                "TrainerController._reset_env": {
                    "total": 6.920953,
                    "count": 1,
                    "self": 6.920953
                },
                "TrainerController.advance": {
                    "total": 3104.9707637000706,
                    "count": 179041,
                    "self": 4.299739100029001,
                    "children": {
                        "env_step": {
                            "total": 2340.057835800007,
                            "count": 179041,
                            "self": 716.4769551999916,
                            "children": {
                                "SubprocessEnvManager._take_step": {
                                    "total": 1620.9444404999608,
                                    "count": 207470,
                                    "self": 17.701411300002746,
                                    "children": {
                                        "TorchPolicy.evaluate": {
                                            "total": 1603.243029199958,
                                            "count": 200223,
                                            "self": 645.4194128999645,
                                            "children": {
                                                "TorchPolicy.sample_actions": {
                                                    "total": 957.8236162999935,
                                                    "count": 200223,
                                                    "self": 957.8236162999935
                                                }
                                            }
                                        }
                                    }
                                },
                                "workers": {
                                    "total": 2.636440100054754,
                                    "count": 179041,
                                    "self": 0.0,
                                    "children": {
                                        "worker_root": {
                                            "total": 12436.031765299951,
                                            "count": 207467,