{
    "name": "root",
    "gauges": {
        "EnemyAI.Policy.Entropy.mean": {
            "value": 1.6311650276184082,
            "min": 1.5968421697616577,
            "max": 2.985816240310669,
            "count": 200
        },
        "EnemyAI.Policy.Entropy.sum": {
            "value": 16055.5576171875,
            "min": 15802.4609375,
            "max": 30731.33203125,
            "count": 200
        },
        "EnemyAI.Step.mean": {
            "value": 1999907.0,
            "min": 9989.0,
            "max": 1999907.0,
            "count": 200
        },
        "EnemyAI.Step.sum": {
            "value": 1999907.0,
            "min": 9989.0,
            "max": 1999907.0,
            "count": 200
        },
        "EnemyAI.Policy.ExtrinsicValueEstimate.mean": {
            "value": 0.4216859042644501,
            "min": -7.445385456085205,
            "max": 0.8612879514694214,
            "count": 200
        },
        "EnemyAI.Policy.ExtrinsicValueEstimate.sum": {
            "value": 37.95173263549805,
            "min": -647.74853515625,
            "max": 71.48690032958984,
            "count": 200
        },
        "EnemyAI.Environment.EpisodeLength.mean": {
            "value": 279.6,
            "min": 259.6216216216216,
            "max": 599.0,
            "count": 200
        },
        "EnemyAI.Environment.EpisodeLength.sum": {
            "value": 9786.0,
            "min": 8743.0,
            "max": 11210.0,
            "count": 200
        },
        "EnemyAI.Environment.CumulativeReward.mean": {
            "value": 1.9093837186694145,
            "min": -8.695054320728078,
            "max": 2.1208055643616497,
            "count": 200
        },
        "EnemyAI.Environment.CumulativeReward.sum": {
            "value": 66.82843015342951,
            "min": -147.81592345237732,
            "max": 78.46980588138103,
            "count": 200
        },
        "EnemyAI.Policy.ExtrinsicReward.mean": {
            "value": 1.9093837186694145,
            "min": -8.695054320728078,
            "max": 2.1208055643616497,
            "count": 200
        },
        "EnemyAI.Policy.ExtrinsicReward.sum": {
            "value": 66.82843015342951,
            "min": -147.81592345237732,
            "max": 78.46980588138103,
            "count": 200
        },
        "EnemyAI.IsTraining.mean": {
            "value": 1.0,
            "min": 1.0,
            "max": 1.0,
            "count": 200
        },
        "EnemyAI.IsTraining.sum": {
            "value": 1.0,
            "min": 1.0,
            "max": 1.0,
            "count": 200
        },
        "EnemyAI.Losses.PolicyLoss.mean": {
            "value": 0.015586697108422717,
            "min": 0.012043828850922485,
            "max": 0.02251204477312664,
            "count": 97
        },
        "EnemyAI.Losses.PolicyLoss.sum": {
            "value": 0.015586697108422717,
            "min": 0.012043828850922485,
            "max": 0.02251204477312664,
            "count": 97
        },
        "EnemyAI.Losses.ValueLoss.mean": {
            "value": 0.036976296454668045,
            "min": 0.02956602517515421,
            "max": 39.52415180206299,
            "count": 97
        },
        "EnemyAI.Losses.ValueLoss.sum": {
            "value": 0.036976296454668045,
            "min": 0.02956602517515421,
            "max": 39.52415180206299,
            "count": 97
        },
        "EnemyAI.Policy.LearningRate.mean": {
            "value": 1.059549646850006e-06,
            "min": 1.059549646850006e-06,
            "max": 0.0002969128510290499,
            "count": 97
        },
        "EnemyAI.Policy.LearningRate.sum": {
            "value": 1.059549646850006e-06,
            "min": 1.059549646850006e-06,
            "max": 0.0002969128510290499,
            "count": 97
        },
        "EnemyAI.Policy.Epsilon.mean": {
            "value": 0.10035315000000003,
            "min": 0.10035315000000003,
            "max": 0.19897094999999995,
            "count": 97
        },
        "EnemyAI.Policy.Epsilon.sum": {
            "value": 0.10035315000000003,
            "min": 0.10035315000000003,
            "max": 0.19897094999999995,
            "count": 97
        },
        "EnemyAI.Policy.Beta.mean": {
            "value": 2.76221850000001e-05,
            "min": 2.76221850000001e-05,
            "max": 0.004948650405000001,
            "count": 97
        },
        "EnemyAI.Policy.Beta.sum": {
            "value": 2.76221850000001e-05,
            "min": 2.76221850000001e-05,
            "max": 0.004948650405000001,
            "count": 97
        }
    },
    "metadata": {
        "timer_format_version": "0.1.0",
        "start_time_seconds": "1753852346",
        "python_version": "3.8.20 (default, Oct  3 2024, 15:19:54) [MSC v.1929 64 bit (AMD64)]",
        "command_line_arguments": "C:\\Users\\User\\anaconda3\\envs\\mlagents_env\\Scripts\\mlagents-learn config/enemy_trainer_config.yaml --run-id=EnemyAI_Build_Run_17 --env=./Build/AI_Enemy.exe --num-envs=4",
        "mlagents_version": "0.28.0",
        "mlagents_envs_version": "0.28.0",
        "communication_protocol_version": "1.5.0",
        "pytorch_version": "2.4.1+cu118",
        "numpy_version": "1.21.6",
        "end_time_seconds": "1753863226"
    },
    "total": 10879.7892661,
    "count": 1,
    "self": 0.4922608000015316,
    "children": {
        "run_training.setup": {
            "total": 0.21477569999999968,
            "count": 1,
            "self": 0.21477569999999968
        },
        "TrainerController.start_learning": {
            "total": 10879.082229599999,
            "count": 1,
            "self": 20.13849860024129,
            "children": {
                "TrainerController._reset_env": {
                    "total": 9.0625778,
                    "count": 1,
                    "self": 9.0625778
                },
                "TrainerController.advance": {
                    "total": 10849.826611399758,
                    "count": 779519,
                    "self": 14.958926099639939,
                    "children": {
                        "env_step": {
                            "total": 10383.311183100077,
                            "count": 779519,
                            "self": 744.3540560004385,
                            "children": {
                                "SubprocessEnvManager._take_step": {
                                    "total": 9624.525018899747,
                                    "count": 2003471,
                                    "self": 119.56150160039942,
                                    "children": {
                                        "TorchPolicy.evaluate": {
                                            "total": 9504.963517299348,
                                            "count": 2000142,
                                            "self": 3232.8034800001533,
                                            "children": {
                                                "TorchPolicy.sample_actions": {
                                                    "total": 6272.160037299194,
                                                    "count": 2000142,
                                                    "self": 6272.160037299194
                                                }
                                            }
                                        }
                                    }
                                },
                                "workers": {
                                    "total": 14.43210819989113,
                                    "count": 779519,
                                    "self": 0.0,
                                    "children": {
                                        "worker_root": {
                                            "total": 43437.95668190041,
                                            "count": 2003470,