{
    "name": "root",
    "gauges": {
        "EnemyAI.Policy.Entropy.mean": {
            "value": 0.10531832277774811,
            "min": 0.08733672648668289,
            "max": 2.301372766494751,
            "count": 100
        },
        "EnemyAI.Policy.Entropy.sum": {
            "value": 1054.9736328125,
            "min": 878.69482421875,
            "max": 23177.125,
            "count": 100
        },
        "EnemyAI.Step.mean": {
            "value": 999942.0,
            "min": 9963.0,
            "max": 999942.0,
            "count": 100
        },
        "EnemyAI.Step.sum": {
            "value": 999942.0,
            "min": 9963.0,
            "max": 999942.0,
            "count": 100
        },
        "EnemyAI.Policy.ExtrinsicValueEstimate.mean": {
            "value": 1.4128659963607788,
            "min": 0.24986566603183746,
            "max": 2.009911060333252,
            "count": 100
        },
        "EnemyAI.Policy.ExtrinsicValueEstimate.sum": {
            "value": 283.9860534667969,
            "min": 50.97259521484375,
            "max": 403.99212646484375,
            "count": 100
        },
        "EnemyAI.Environment.EpisodeLength.mean": {
            "value": 198.90196078431373,
            "min": 103.29591836734694,
            "max": 198.9387755102041,
            "count": 100
        },
        "EnemyAI.Environment.EpisodeLength.sum": {
            "value": 10144.0,
            "min": 9507.0,
            "max": 10342.0,
            "count": 100
        },
        "EnemyAI.Environment.CumulativeReward.mean": {
            "value": 4.385380256409738,
            "min": 0.4475518383759787,
            "max": 4.466080246018429,
            "count": 100
        },
        "EnemyAI.Environment.CumulativeReward.sum": {
            "value": 223.65439307689667,
            "min": 36.25169890845427,
            "max": 227.77009254693985,
            "count": 100
        },
        "EnemyAI.Policy.ExtrinsicReward.mean": {
            "value": 4.385380256409738,
            "min": 0.4475518383759787,
            "max": 4.466080246018429,
            "count": 100
        },
        "EnemyAI.Policy.ExtrinsicReward.sum": {
            "value": 223.65439307689667,
            "min": 36.25169890845427,
            "max": 227.77009254693985,
            "count": 100
        },
        "EnemyAI.IsTraining.mean": {
            "value": 1.0,
            "min": 1.0,
            "max": 1.0,
            "count": 100
        },
        "EnemyAI.IsTraining.sum": {
            "value": 1.0,
            "min": 1.0,
            "max": 1.0,
            "count": 100
        },
        "EnemyAI.Losses.PolicyLoss.mean": {
            "value": 0.025555624688665072,
            "min": 0.016173286829143763,
            "max": 0.03505354165875663,
            "count": 97
        },
        "EnemyAI.Losses.PolicyLoss.sum": {
            "value": 0.025555624688665072,
            "min": 0.016173286829143763,
            "max": 0.03505354165875663,
            "count": 97
        },
        "EnemyAI.Losses.ValueLoss.mean": {
            "value": 0.02912580215682586,
            "min": 0.022775227793802817,
            "max": 0.21677417556444803,
            "count": 97
        },
        "EnemyAI.Losses.ValueLoss.sum": {
            "value": 0.02912580215682586,
            "min": 0.022775227793802817,
            "max": 0.21677417556444803,
            "count": 97
        },
        "EnemyAI.Policy.LearningRate.mean": {
            "value": 1.1784996072000128e-06,
            "min": 1.1784996072000128e-06,
            "max": 0.0002969229010257,
            "count": 97
        },
        "EnemyAI.Policy.LearningRate.sum": {
            "value": 1.1784996072000128e-06,
            "min": 1.1784996072000128e-06,
            "max": 0.0002969229010257,
            "count": 97
        },
        "EnemyAI.Policy.Epsilon.mean": {
            "value": 0.10039279999999998,
            "min": 0.10039279999999998,
            "max": 0.19897429999999997,
            "count": 97
        },
        "EnemyAI.Policy.Epsilon.sum": {
            "value": 0.10039279999999998,
            "min": 0.10039279999999998,
            "max": 0.19897429999999997,
            "count": 97
        },
        "EnemyAI.Policy.Beta.mean": {
            "value": 2.9600720000000218e-05,
            "min": 2.9600720000000218e-05,
            "max": 0.004948817570000002,
            "count": 97
        },
        "EnemyAI.Policy.Beta.sum": {
            "value": 2.9600720000000218e-05,
            "min": 2.9600720000000218e-05,
            "max": 0.004948817570000002,
            "count": 97
        }
    },
    "metadata": {
        "timer_format_version": "0.1.0",
        "start_time_seconds": "1752644649",
        "python_version": "3.8.20 (default, Oct  3 2024, 15:19:54) [MSC v.1929 64 bit (AMD64)]",
        "command_line_arguments": "C:\\Users\\User\\anaconda3\\envs\\mlagents_env\\Scripts\\mlagents-learn config/enemy_trainer_config.yaml --run-id=EnemyAI_Build_Run_02 --env=./Build/AI_Enemy.exe --num-envs=4",
        "mlagents_version": "0.28.0",
        "mlagents_envs_version": "0.28.0",
        "communication_protocol_version": "1.5.0",
        "pytorch_version": "2.4.1+cu118",
        "numpy_version": "1.21.6",
        "end_time_seconds": "1752648634"
    },
    "total": 3985.315949,
    "count": 1,
    "self": 0.28024180000011256,
    "children": {
        "run_training.setup": {
            "total": 0.21699190000000002,
            "count": 1,
            "self": 0.21699190000000002
        },
        "TrainerController.start_learning": {
            "total": 3984.8187153,
            "count": 1,
            "self": 10.282679600081792,
            "children": {
                "TrainerController._reset_env": {
                    "total": 5.5675876,
                    "count": 1,
                    "self": 5.5675876
                },
                "TrainerController.advance": {
                    "total": 3968.925104099918,
                    "count": 403367,
                    "self": 7.690980600059902,
                    "children": {
                        "env_step": {
                            "total": 3739.0960466998563,
                            "count": 403367,
                            "self": 350.05698689977635,
                            "children": {
                                "SubprocessEnvManager._take_step": {
                                    "total": 3381.8239836001067,
                                    "count": 1004710,
                                    "self": 52.852135200222165,
                                    "children": {
                                        "TorchPolicy.evaluate": {
                                            "total": 3328.9718483998845,
                                            "count": 1000128,
                                            "self": 867.7888136998245,
                                            "children": {
                                                "TorchPolicy.sample_actions": {
                                                    "total": 2461.18303470006,
                                                    "count": 1000128,
                                                    "self": 2461.18303470006
                                                }
                                            }
                                        }
                                    }
                                },
                                "workers": {
                                    "total": 7.215076199973249,
                                    "count": 403367,
                                    "self": 0.0,
                                    "children": {
                                        "worker_root": {
                                            "total": 15897.244554099749,
                                            "count": 1004709,