{
    "name": "root",
    "gauges": {
        "EnemyAI.Policy.Entropy.mean": {
            "value": 0.22337351739406586,
            "min": 0.16895946860313416,
            "max": 1.7200143337249756,
            "count": 600
        },
        "EnemyAI.Policy.Entropy.sum": {
            "value": 2133.217041015625,
            "min": 1649.4190673828125,
            "max": 20350.259765625,
            "count": 600
        },
        "EnemyAI.Step.mean": {
            "value": 9999941.0,
            "min": 4009997.0,
            "max": 9999941.0,
            "count": 600
        },
        "EnemyAI.Step.sum": {
            "value": 9999941.0,
            "min": 4009997.0,
            "max": 9999941.0,
            "count": 600
        },
        "EnemyAI.Policy.ExtrinsicValueEstimate.mean": {
            "value": -0.0700882077217102,
            "min": -0.254732221364975,
            "max": 0.02264261804521084,
            "count": 600
        },
        "EnemyAI.Policy.ExtrinsicValueEstimate.sum": {
            "value": -7.008820533752441,
            "min": -25.98268699645996,
            "max": 2.196333885192871,
            "count": 600
        },
        "EnemyAI.Environment.EpisodeLength.mean": {
            "value": 299.0,
            "min": 220.66666666666666,
            "max": 299.0,
            "count": 600
        },
        "EnemyAI.Environment.EpisodeLength.sum": {
            "value": 10166.0,
            "min": 7516.0,
            "max": 11960.0,
            "count": 600
        },
        "EnemyAI.Environment.CumulativeReward.mean": {
            "value": 0.8842962471877828,
            "min": -1.1061208922511492,
            "max": 1.08247534108573,
            "count": 600
        },
        "EnemyAI.Environment.CumulativeReward.sum": {
            "value": 30.066072404384613,
            "min": -43.13871479779482,
            "max": 33.26680006086826,
            "count": 600
        },
        "EnemyAI.Policy.ExtrinsicReward.mean": {
            "value": 0.8842962471877828,
            "min": -1.1061208922511492,
            "max": 1.08247534108573,
            "count": 600
        },
        "EnemyAI.Policy.ExtrinsicReward.sum": {
            "value": 30.066072404384613,
            "min": -43.13871479779482,
            "max": 33.26680006086826,
            "count": 600
        },
        "EnemyAI.IsTraining.mean": {
            "value": 1.0,
            "min": 1.0,
            "max": 1.0,
            "count": 600
        },
        "EnemyAI.IsTraining.sum": {
            "value": 1.0,
            "min": 1.0,
            "max": 1.0,
            "count": 600
        },
        "EnemyAI.Losses.PolicyLoss.mean": {
            "value": 0.0208804395981133,
            "min": 0.015045928691203395,
            "max": 0.0352831911140432,
            "count": 582
        },
        "EnemyAI.Losses.PolicyLoss.sum": {
            "value": 0.0208804395981133,
            "min": 0.015045928691203395,
            "max": 0.0352831911140432,
            "count": 582
        },
        "EnemyAI.Losses.ValueLoss.mean": {
            "value": 0.012175337473551432,
            "min": 0.008764918536568682,
            "max": 0.05352717104057471,
            "count": 582
        },
        "EnemyAI.Losses.ValueLoss.sum": {
            "value": 0.012175337473551432,
            "min": 0.008764918536568682,
            "max": 0.05352717104057471,
            "count": 582
        },
        "EnemyAI.Policy.LearningRate.mean": {
            "value": 1.3806995400998727e-07,
            "min": 1.3806995400998727e-07,
            "max": 0.00017969113010297,
            "count": 582
        },
        "EnemyAI.Policy.LearningRate.sum": {
            "value": 1.3806995400998727e-07,
            "min": 1.3806995400998727e-07,
            "max": 0.00017969113010297,
            "count": 582
        },
        "EnemyAI.Policy.Epsilon.mean": {
            "value": 0.10004598999999997,
            "min": 0.10004598999999997,
            "max": 0.15989702999999994,
            "count": 582
        },
        "EnemyAI.Policy.Epsilon.sum": {
            "value": 0.10004598999999997,
            "min": 0.10004598999999997,
            "max": 0.15989702999999994,
            "count": 582
        },
        "EnemyAI.Policy.Beta.mean": {
            "value": 1.2294900999999793e-05,
            "min": 1.2294900999999793e-05,
            "max": 0.002998861797,
            "count": 582
        },
        "EnemyAI.Policy.Beta.sum": {
            "value": 1.2294900999999793e-05,
            "min": 1.2294900999999793e-05,
            "max": 0.002998861797,
            "count": 582
        }
    },
    "metadata": {
        "timer_format_version": "0.1.0",
        "start_time_seconds": "1757677107",
        "python_version": "3.8.20 (default, Oct  3 2024, 15:19:54) [MSC v.1929 64 bit (AMD64)]",
        "command_line_arguments": "C:\\Users\\User\\anaconda3\\envs\\mlagents_env\\Scripts\\mlagents-learn config/enemy_attack_trainer_config.yaml --run-id=EnemyAI_Attack_Run_10 --env=./Build/AttackTraining/AI_Enemy.exe --num-envs=4 --resume",
        "mlagents_version": "0.28.0",
        "mlagents_envs_version": "0.28.0",
        "communication_protocol_version": "1.5.0",
        "pytorch_version": "2.4.1+cu118",
        "numpy_version": "1.21.6",
        "end_time_seconds": "1757687682"
    },
    "total": 10575.1374913,
    "count": 1,
    "self": 0.3940686000005371,
    "children": {
        "run_training.setup": {
            "total": 0.2115669,
            "count": 1,
            "self": 0.2115669
        },
        "TrainerController.start_learning": {
            "total": 10574.5318558,
            "count": 1,
            "self": 14.633373399263292,
            "children": {
                "TrainerController._reset_env": {
                    "total": 5.5351704999999995,
                    "count": 1,
                    "self": 5.5351704999999995
                },
                "TrainerController.advance": {
                    "total": 10554.272273400738,
                    "count": 545525,
                    "self": 12.791976700420491,
                    "children": {
                        "env_step": {
                            "total": 8149.27886919995,
                            "count": 545525,
                            "self": 3583.2401811007867,
                            "children": {
                                "SubprocessEnvManager._take_step": {
                                    "total": 4557.900008399858,
                                    "count": 618585,
                                    "self": 55.67741169981582,
                                    "children": {
                                        "TorchPolicy.evaluate": {
                                            "total": 4502.222596700042,
                                            "count": 600223,
                                            "self": 1775.6622276999528,
                                            "children": {
                                                "TorchPolicy.sample_actions": {
                                                    "total": 2726.5603690000894,
                                                    "count": 600223,
                                                    "self": 2726.5603690000894
                                                }
                                            }
                                        }
                                    }
                                },
                                "workers": {
                                    "total": 8.138679699305769,
                                    "count": 545525,
                                    "self": 0.0,
                                    "children": {
                                        "worker_root": {
                                            "total": 42260.7795219999,
                                            "count": 618583,