{
    "name": "root",
    "gauges": {
        "EnemyAI.Policy.Entropy.mean": {
            "value": 1.0435601472854614,
            "min": 1.0335643291473389,
            "max": 1.5840085744857788,
            "count": 200
        },
        "EnemyAI.Policy.Entropy.sum": {
            "value": 51850.33203125,
            "min": 37215.5703125,
            "max": 287507.0625,
            "count": 200
        },
        "EnemyAI.Environment.EpisodeLength.mean": {
            "value": 122.74,
            "min": 116.16627634660422,
            "max": 168.22635135135135,
            "count": 200
        },
        "EnemyAI.Environment.EpisodeLength.sum": {
            "value": 49096.0,
            "min": 48358.0,
            "max": 50657.0,
            "count": 200
        },
        "EnemyAI.Step.mean": {
            "value": 29999956.0,
            "min": 20049866.0,
            "max": 29999956.0,
            "count": 200
        },
        "EnemyAI.Step.sum": {
            "value": 29999956.0,
            "min": 20049866.0,
            "max": 29999956.0,
            "count": 200
        },
        "EnemyAI.Policy.ExtrinsicValueEstimate.mean": {
            "value": 1.300890326499939,
            "min": 0.9100469946861267,
            "max": 1.306881308555603,
            "count": 200
        },
        "EnemyAI.Policy.ExtrinsicValueEstimate.sum": {
            "value": 526.860595703125,
            "min": 268.4638671875,
            "max": 547.791748046875,
            "count": 200
        },
        "EnemyAI.Environment.CumulativeReward.mean": {
            "value": 2.860842119911571,
            "min": 2.0145373886935514,
            "max": 2.8947375320099495,
            "count": 200
        },
        "EnemyAI.Environment.CumulativeReward.sum": {
            "value": 1158.641058564186,
            "min": 606.7373111844063,
            "max": 1189.5324357151985,
            "count": 200
        },
        "EnemyAI.Policy.ExtrinsicReward.mean": {
            "value": 2.860842119911571,
            "min": 2.0145373886935514,
            "max": 2.8947375320099495,
            "count": 200
        },
        "EnemyAI.Policy.ExtrinsicReward.sum": {
            "value": 1158.641058564186,
            "min": 606.7373111844063,
            "max": 1189.5324357151985,
            "count": 200
        },
        "EnemyAI.Losses.PolicyLoss.mean": {
            "value": 0.012987295057003696,
            "min": 0.007018941446828345,
            "max": 0.015982748086874683,
            "count": 200
        },
        "EnemyAI.Losses.PolicyLoss.sum": {
            "value": 0.012987295057003696,
            "min": 0.007018941446828345,
            "max": 0.030237651655140023,
            "count": 200
        },
        "EnemyAI.Losses.ValueLoss.mean": {
            "value": 0.012716122282048067,
            "min": 0.01182262875760595,
            "max": 0.029414612986147403,
            "count": 200
        },
        "EnemyAI.Losses.ValueLoss.sum": {
            "value": 0.012716122282048067,
            "min": 0.01182262875760595,
            "max": 0.056341494681934515,
            "count": 200
        },
        "EnemyAI.Policy.LearningRate.mean": {
            "value": 1.075899641700101e-07,
            "min": 1.075899641700101e-07,
            "max": 9.958478680509337e-05,
            "count": 200
        },
        "EnemyAI.Policy.LearningRate.sum": {
            "value": 1.075899641700101e-07,
            "min": 1.075899641700101e-07,
            "max": 0.00019542994485673002,
            "count": 200
        },
        "EnemyAI.Policy.Epsilon.mean": {
            "value": 0.10003582999999999,
            "min": 0.10003582999999999,
            "max": 0.13319490666666667,
            "count": 200
        },
        "EnemyAI.Policy.Epsilon.sum": {
            "value": 0.10003582999999999,
            "min": 0.10003582999999999,
            "max": 0.26514327000000004,
            "count": 200
        },
        "EnemyAI.Policy.Beta.mean": {
            "value": 1.1787917000000165e-05,
            "min": 1.1787917000000165e-05,
            "max": 0.0016664258426666667,
            "count": 200
        },
        "EnemyAI.Policy.Beta.sum": {
            "value": 1.1787917000000165e-05,
            "min": 1.1787917000000165e-05,
            "max": 0.0032706491729999993,
            "count": 200
        },
        "EnemyAI.IsTraining.mean": {
            "value": 1.0,
            "min": 1.0,
            "max": 1.0,
            "count": 200
        },
        "EnemyAI.IsTraining.sum": {
            "value": 1.0,
            "min": 1.0,
            "max": 1.0,
            "count": 200
        }
    },
    "metadata": {
        "timer_format_version": "0.1.0",
        "start_time_seconds": "1759337593",
        "python_version": "3.8.20 (default, Oct  3 2024, 15:19:54) [MSC v.1929 64 bit (AMD64)]",
        "command_line_arguments": "C:\\Users\\User\\anaconda3\\envs\\mlagents_env\\Scripts\\mlagents-learn config/enemy_attack_trainer_config.yaml --run-id=EnemyAI_Attack_Run_32 --env=./Build/AttackTraining/AI_Enemy.exe --time-scale=1.0 --no-graphics --capture-frame-rate=0 --num-envs=8 --resume",
        "mlagents_version": "0.28.0",
        "mlagents_envs_version": "0.28.0",
        "communication_protocol_version": "1.5.0",
        "pytorch_version": "2.4.1+cu118",
        "numpy_version": "1.21.6",
        "end_time_seconds": "1759342548"
    },
    "total": 4955.2866867,
    "count": 1,
    "self": 10.052478800000245,
    "children": {
        "run_training.setup": {
            "total": 0.4901591999999999,
            "count": 1,
            "self": 0.4901591999999999
        },
        "TrainerController.start_learning": {
            "total": 4944.7440487,
            "count": 1,
            "self": 0.9885236000291115,
            "children": {
                "TrainerController._reset_env": {
                    "total": 3.9779642,
                    "count": 1,
                    "self": 3.9779642
                },
                "TrainerController.advance": {
                    "total": 4939.67058229997,
                    "count": 23765,
                    "self": 0.9609931999739274,
                    "children": {
                        "env_step": {
                            "total": 1116.8365242999964,
                            "count": 23765,
                            "self": 737.4670283999525,
                            "children": {
                                "SubprocessEnvManager._take_step": {
                                    "total": 378.3806529000256,
                                    "count": 105193,
                                    "self": 12.180409900012194,
                                    "children": {
                                        "TorchPolicy.evaluate": {
                                            "total": 366.2002430000134,
                                            "count": 59674,
                                            "self": 96.98760010004673,
                                            "children": {
                                                "TorchPolicy.sample_actions": {
                                                    "total": 269.2126428999667,
                                                    "count": 59674,
                                                    "self": 269.2126428999667
                                                }
                                            }
                                        }
                                    }
                                },
                                "workers": {
                                    "total": 0.9888430000183375,
                                    "count": 23765,
                                    "self": 0.0,
                                    "children": {
                                        "worker_root": {
                                            "total": 39529.460441499854,