{
    "name": "root",
    "gauges": {
        "EnemyAI.Policy.Entropy.mean": {
            "value": 2.3887295722961426,
            "min": 2.3887295722961426,
            "max": 3.2165653705596924,
            "count": 56
        },
        "EnemyAI.Policy.Entropy.sum": {
            "value": 21904.650390625,
            "min": 21904.650390625,
            "max": 39145.6015625,
            "count": 56
        },
        "EnemyAI.Environment.EpisodeLength.mean": {
            "value": 178.89285714285714,
            "min": 178.7719298245614,
            "max": 227.6216216216216,
            "count": 56
        },
        "EnemyAI.Environment.EpisodeLength.sum": {
            "value": 10018.0,
            "min": 7726.0,
            "max": 11334.0,
            "count": 56
        },
        "EnemyAI.Step.mean": {
            "value": 559963.0,
            "min": 9943.0,
            "max": 559963.0,
            "count": 56
        },
        "EnemyAI.Step.sum": {
            "value": 559963.0,
            "min": 9943.0,
            "max": 559963.0,
            "count": 56
        },
        "EnemyAI.Policy.ExtrinsicValueEstimate.mean": {
            "value": -0.4217512607574463,
            "min": -0.7863733172416687,
            "max": -0.010615963488817215,
            "count": 56
        },
        "EnemyAI.Policy.ExtrinsicValueEstimate.sum": {
            "value": -45.549137115478516,
            "min": -81.59136962890625,
            "max": -1.1146761178970337,
            "count": 56
        },
        "EnemyAI.Environment.CumulativeReward.mean": {
            "value": -0.9197727273810994,
            "min": -3.2973242876481037,
            "max": -0.9197727273810994,
            "count": 56
        },
        "EnemyAI.Environment.CumulativeReward.sum": {
            "value": -50.587500005960464,
            "min": -163.83928874135017,
            "max": -50.587500005960464,
            "count": 56
        },
        "EnemyAI.Policy.ExtrinsicReward.mean": {
            "value": -0.9197727273810994,
            "min": -3.2973242876481037,
            "max": -0.9197727273810994,
            "count": 56
        },
        "EnemyAI.Policy.ExtrinsicReward.sum": {
            "value": -50.587500005960464,
            "min": -163.83928874135017,
            "max": -50.587500005960464,
            "count": 56
        },
        "EnemyAI.IsTraining.mean": {
            "value": 1.0,
            "min": 1.0,
            "max": 1.0,
            "count": 56
        },
        "EnemyAI.IsTraining.sum": {
            "value": 1.0,
            "min": 1.0,
            "max": 1.0,
            "count": 56
        },
        "EnemyAI.Losses.PolicyLoss.mean": {
            "value": 0.014140219225858649,
            "min": 0.012043139284166197,
            "max": 0.021367374140148363,
            "count": 27
        },
        "EnemyAI.Losses.PolicyLoss.sum": {
            "value": 0.014140219225858649,
            "min": 0.012043139284166197,
            "max": 0.021367374140148363,
            "count": 27
        },
        "EnemyAI.Losses.ValueLoss.mean": {
            "value": 0.017076125151167312,
            "min": 0.012664244541277488,
            "max": 0.048659727722406385,
            "count": 27
        },
        "EnemyAI.Losses.ValueLoss.sum": {
            "value": 0.017076125151167312,
            "min": 0.012664244541277488,
            "max": 0.048659727722406385,
            "count": 27
        },
        "EnemyAI.Policy.LearningRate.mean": {
            "value": 0.00021682292772570003,
            "min": 0.00021682292772570003,
            "max": 0.0002969181010272999,
            "count": 27
        },
        "EnemyAI.Policy.LearningRate.sum": {
            "value": 0.00021682292772570003,
            "min": 0.00021682292772570003,
            "max": 0.0002969181010272999,
            "count": 27
        },
        "EnemyAI.Policy.Epsilon.mean": {
            "value": 0.17227429999999994,
            "min": 0.17227429999999994,
            "max": 0.19897269999999995,
            "count": 27
        },
        "EnemyAI.Policy.Epsilon.sum": {
            "value": 0.17227429999999994,
            "min": 0.17227429999999994,
            "max": 0.19897269999999995,
            "count": 27
        },
        "EnemyAI.Policy.Beta.mean": {
            "value": 0.003616487570000002,
            "min": 0.003616487570000002,
            "max": 0.004948737730000002,
            "count": 27
        },
        "EnemyAI.Policy.Beta.sum": {
            "value": 0.003616487570000002,
            "min": 0.003616487570000002,
            "max": 0.004948737730000002,
            "count": 27
        }
    },
    "metadata": {
        "timer_format_version": "0.1.0",
        "start_time_seconds": "1757564161",
        "python_version": "3.8.20 (default, Oct  3 2024, 15:19:54) [MSC v.1929 64 bit (AMD64)]",
        "command_line_arguments": "C:\\Users\\User\\anaconda3\\envs\\mlagents_env\\Scripts\\mlagents-learn config/enemy_mul_trainer_config.yaml --run-id=EnemyAI_Attack_Run_01 --env=./Build/AttackTraining/AI_Enemy.exe --num-envs=4",
        "mlagents_version": "0.28.0",
        "mlagents_envs_version": "0.28.0",
        "communication_protocol_version": "1.5.0",
        "pytorch_version": "2.4.1+cu118",
        "numpy_version": "1.21.6",
        "end_time_seconds": "1757564877"
    },
    "total": 716.0396546,
    "count": 1,
    "self": 10.010558400000036,
    "children": {
        "run_training.setup": {
            "total": 0.21839699999999995,
            "count": 1,
            "self": 0.21839699999999995
        },
        "TrainerController.start_learning": {
            "total": 705.8106991999999,
            "count": 1,
            "self": 1.218631900006244,
            "children": {
                "TrainerController._reset_env": {
                    "total": 9.3568423,
                    "count": 1,
                    "self": 9.3568423
                },
                "TrainerController.advance": {
                    "total": 695.1645778999938,
                    "count": 54679,
                    "self": 1.117169499978445,
                    "children": {
                        "env_step": {
                            "total": 504.3636351000051,
                            "count": 54679,
                            "self": 278.6529795000075,
                            "children": {
                                "SubprocessEnvManager._take_step": {
                                    "total": 224.9753399999955,
                                    "count": 58799,
                                    "self": 3.852342899993829,
                                    "children": {
                                        "TorchPolicy.evaluate": {
                                            "total": 221.12299710000167,
                                            "count": 56571,
                                            "self": 63.027687600008136,
                                            "children": {
                                                "TorchPolicy.sample_actions": {
                                                    "total": 158.09530949999353,
                                                    "count": 56571,
                                                    "self": 158.09530949999353
                                                }
                                            }
                                        }
                                    }
                                },
                                "workers": {
                                    "total": 0.7353156000020906,
                                    "count": 54678,
                                    "self": 0.0,
                                    "children": {
                                        "worker_root": {
                                            "total": 2788.0097669,
                                            "count": 58795,