{
    "name": "root",
    "gauges": {
        "EnemyAI.Policy.Entropy.mean": {
            "value": 0.5031585097312927,
            "min": 0.5031585097312927,
            "max": 1.060955286026001,
            "count": 4
        },
        "EnemyAI.Policy.Entropy.sum": {
            "value": 25084.96875,
            "min": 25084.96875,
            "max": 57376.4609375,
            "count": 4
        },
        "EnemyAI.Step.mean": {
            "value": 199992.0,
            "min": 49955.0,
            "max": 199992.0,
            "count": 4
        },
        "EnemyAI.Step.sum": {
            "value": 199992.0,
            "min": 49955.0,
            "max": 199992.0,
            "count": 4
        },
        "EnemyAI.Policy.ExtrinsicValueEstimate.mean": {
            "value": -0.8478282690048218,
            "min": -0.8478282690048218,
            "max": 0.6381961703300476,
            "count": 4
        },
        "EnemyAI.Policy.ExtrinsicValueEstimate.sum": {
            "value": -741.0018920898438,
            "min": -741.0018920898438,
            "max": 541.8285522460938,
            "count": 4
        },
        "EnemyAI.Losses.PolicyLoss.mean": {
            "value": 0.03551181228055309,
            "min": 0.03466060783454228,
            "max": 0.03551181228055309,
            "count": 4
        },
        "EnemyAI.Losses.PolicyLoss.sum": {
            "value": 0.3551181228055309,
            "min": 0.17608127917344746,
            "max": 0.3551181228055309,
            "count": 4
        },
        "EnemyAI.Losses.ValueLoss.mean": {
            "value": 0.040411213344583904,
            "min": 0.035866946557392476,
            "max": 0.11545548847380874,
            "count": 4
        },
        "EnemyAI.Losses.ValueLoss.sum": {
            "value": 0.404112133445839,
            "min": 0.28412338254968383,
            "max": 0.5772774423690437,
            "count": 4
        },
        "EnemyAI.Policy.LearningRate.mean": {
            "value": 1.955876280424e-05,
            "min": 1.955876280424e-05,
            "max": 2.8147698174359993e-05,
            "count": 4
        },
        "EnemyAI.Policy.LearningRate.sum": {
            "value": 0.00019558762804239998,
            "min": 0.00014073849087179997,
            "max": 0.000202759724135,
            "count": 4
        },
        "EnemyAI.Policy.Epsilon.mean": {
            "value": 0.16519575999999997,
            "min": 0.16519575999999997,
            "max": 0.19382564,
            "count": 4
        },
        "EnemyAI.Policy.Epsilon.sum": {
            "value": 1.6519575999999998,
            "min": 0.9691282,
            "max": 1.6519575999999998,
            "count": 4
        },
        "EnemyAI.Policy.Beta.mean": {
            "value": 0.003263268424,
            "min": 0.003263268424,
            "max": 0.004691899435999999,
            "count": 4
        },
        "EnemyAI.Policy.Beta.sum": {
            "value": 0.03263268424,
            "min": 0.023459497179999997,
            "max": 0.0338156635,
            "count": 4
        },
        "EnemyAI.Losses.PretrainingLoss.mean": {
            "value": 0.6588884695459474,
            "min": 0.6588884695459474,
            "max": 0.7857886808282128,
            "count": 4
        },
        "EnemyAI.Losses.PretrainingLoss.sum": {
            "value": 6.588884695459474,
            "min": 3.9289434041410645,
            "max": 6.588884695459474,
            "count": 4
        },
        "EnemyAI.Environment.EpisodeLength.mean": {
            "value": 223.62272727272727,
            "min": 215.82038834951456,
            "max": 254.83798882681563,
            "count": 4
        },
        "EnemyAI.Environment.EpisodeLength.sum": {
            "value": 49197.0,
            "min": 44459.0,
            "max": 49197.0,
            "count": 4
        },
        "EnemyAI.Environment.CumulativeReward.mean": {
            "value": -2.583701837316833,
            "min": -2.6849679061730067,
            "max": -1.4356850452503898,
            "count": 4
        },
        "EnemyAI.Environment.CumulativeReward.sum": {
            "value": -568.4144042097032,
            "min": -568.4144042097032,
            "max": -256.98762309981976,
            "count": 4
        },
        "EnemyAI.Policy.ExtrinsicReward.mean": {
            "value": -2.583701837316833,
            "min": -2.6849679061730067,
            "max": -1.4356850452503898,
            "count": 4
        },
        "EnemyAI.Policy.ExtrinsicReward.sum": {
            "value": -568.4144042097032,
            "min": -568.4144042097032,
            "max": -256.98762309981976,
            "count": 4
        },
        "EnemyAI.IsTraining.mean": {
            "value": 1.0,
            "min": 1.0,
            "max": 1.0,
            "count": 4
        },
        "EnemyAI.IsTraining.sum": {
            "value": 1.0,
            "min": 1.0,
            "max": 1.0,
            "count": 4
        }
    },
    "metadata": {
        "timer_format_version": "0.1.0",
        "start_time_seconds": "1760628150",
        "python_version": "3.8.20 (default, Oct  3 2024, 15:19:54) [MSC v.1929 64 bit (AMD64)]",
        "command_line_arguments": "C:\\Users\\User\\anaconda3\\envs\\mlagents_env\\Scripts\\mlagents-learn config/bc_finetune_config.yaml --run-id=EnemyAI_BC_Finetune_01 --initialize-from=EnemyAI_BC_PreTrain_01 --env=./Build/AttackTraining/AI_Enemy.exe --force",
        "mlagents_version": "0.28.0",
        "mlagents_envs_version": "0.28.0",
        "communication_protocol_version": "1.5.0",
        "pytorch_version": "2.4.1+cu118",
        "numpy_version": "1.21.6",
        "end_time_seconds": "1760630833"
    },
    "total": 2683.9908819999996,
    "count": 1,
    "self": 0.22561059999952704,
    "children": {
        "run_training.setup": {
            "total": 0.07482680000000008,
            "count": 1,
            "self": 0.07482680000000008
        },
        "TrainerController.start_learning": {
            "total": 2683.6904446,
            "count": 1,
            "self": 0.043826900004660274,
            "children": {
                "TrainerController._reset_env": {
                    "total": 209.952031,
                    "count": 1,
                    "self": 5.63565490000002,
                    "children": {
                        "demo_to_buffer": {
                            "total": 204.31637609999999,
                            "count": 1,
                            "self": 0.00547850000000949,
                            "children": {
                                "load_demonstration": {
                                    "total": 3.5285552000000004,
                                    "count": 1,
                                    "self": 3.3414976000000074,
                                    "children": {
                                        "read_file": {
                                            "total": 0.18705759999999305,
                                            "count": 169,
                                            "self": 0.18705759999999305
                                        }
                                    }
                                },
                                "make_demo_buffer": {
                                    "total": 200.78234239999998,
                                    "count": 1,
                                    "self": 29.201601100016063,
                                    "children": {
                                        "steps_from_proto": {
                                            "total": 171.5807412999839,
                                            "count": 2024404,
                                            "self": 103.72231770000835,
                                            "children": {
                                                "_process_rank_one_or_two_observation": {
                                                    "total": 67.85842359997557,