{
    "name": "root",
    "gauges": {
        "EnemyAI.Policy.Entropy.mean": {
            "value": 1.6017985343933105,
            "min": 1.5563371181488037,
            "max": 3.216252565383911,
            "count": 600
        },
        "EnemyAI.Policy.Entropy.sum": {
            "value": 82294.0,
            "min": 15721.759765625,
            "max": 912614.875,
            "count": 600
        },
        "EnemyAI.Environment.EpisodeLength.mean": {
            "value": 138.20231213872833,
            "min": 111.320796460177,
            "max": 290.3540856031128,
            "count": 600
        },
        "EnemyAI.Environment.EpisodeLength.sum": {
            "value": 47818.0,
            "min": 3757.0,
            "max": 223863.0,
            "count": 600
        },
        "EnemyAI.Step.mean": {
            "value": 29999961.0,
            "min": 49832.0,
            "max": 29999961.0,
            "count": 600
        },
        "EnemyAI.Step.sum": {
            "value": 29999961.0,
            "min": 49832.0,
            "max": 29999961.0,
            "count": 600
        },
        "EnemyAI.Policy.ExtrinsicValueEstimate.mean": {
            "value": 0.39937514066696167,
            "min": -1.0788602828979492,
            "max": 0.6058962345123291,
            "count": 600
        },
        "EnemyAI.Policy.ExtrinsicValueEstimate.sum": {
            "value": 157.3538055419922,
            "min": -474.10662841796875,
            "max": 285.9830322265625,
            "count": 600
        },
        "EnemyAI.Environment.CumulativeReward.mean": {
            "value": 0.6800343322573025,
            "min": -4.616417596846411,
            "max": 1.1733480983333433,
            "count": 600
        },
        "EnemyAI.Environment.CumulativeReward.sum": {
            "value": 235.29187896102667,
            "min": -3369.98484569788,
            "max": 524.2121269851923,
            "count": 600
        },
        "EnemyAI.Policy.ExtrinsicReward.mean": {
            "value": 0.6800343322573025,
            "min": -4.616417596846411,
            "max": 1.1733480983333433,
            "count": 600
        },
        "EnemyAI.Policy.ExtrinsicReward.sum": {
            "value": 235.29187896102667,
            "min": -3369.98484569788,
            "max": 524.2121269851923,
            "count": 600
        },
        "EnemyAI.Losses.PolicyLoss.mean": {
            "value": 0.013036985974758863,
            "min": 0.006889197851220766,
            "max": 0.016950929521893462,
            "count": 599
        },
        "EnemyAI.Losses.PolicyLoss.sum": {
            "value": 0.013036985974758863,
            "min": 0.006889197851220766,
            "max": 0.029993157795009516,
            "count": 599
        },
        "EnemyAI.Losses.ValueLoss.mean": {
            "value": 0.06332848730186622,
            "min": 0.025716893499096234,
            "max": 0.1734780048330625,
            "count": 599
        },
        "EnemyAI.Losses.ValueLoss.sum": {
            "value": 0.06332848730186622,
            "min": 0.025716893499096234,
            "max": 0.1829935498535633,
            "count": 599
        },
        "EnemyAI.Policy.LearningRate.mean": {
            "value": 1.6476994510998905e-07,
            "min": 1.6476994510998905e-07,
            "max": 0.00029958681013773,
            "count": 599
        },
        "EnemyAI.Policy.LearningRate.sum": {
            "value": 1.6476994510998905e-07,
            "min": 1.6476994510998905e-07,
            "max": 0.00059047545317485,
            "count": 599
        },
        "EnemyAI.Policy.Epsilon.mean": {
            "value": 0.10005489000000001,
            "min": 0.10005489000000001,
            "max": 0.19986226999999995,
            "count": 599
        },
        "EnemyAI.Policy.Epsilon.sum": {
            "value": 0.10005489000000001,
            "min": 0.10005489000000001,
            "max": 0.39682514999999996,
            "count": 599
        },
        "EnemyAI.Policy.Beta.mean": {
            "value": 1.2739010999999813e-05,
            "min": 1.2739010999999813e-05,
            "max": 0.004993127272999999,
            "count": 599
        },
        "EnemyAI.Policy.Beta.sum": {
            "value": 1.2739010999999813e-05,
            "min": 1.2739010999999813e-05,
            "max": 0.009841574985,
            "count": 599
        },
        "EnemyAI.IsTraining.mean": {
            "value": 1.0,
            "min": 1.0,
            "max": 1.0,
            "count": 600
        },
        "EnemyAI.IsTraining.sum": {
            "value": 1.0,
            "min": 1.0,
            "max": 1.0,
            "count": 600
        }
    },
    "metadata": {
        "timer_format_version": "0.1.0",
        "start_time_seconds": "1759842933",
        "python_version": "3.8.20 (default, Oct  3 2024, 15:19:54) [MSC v.1929 64 bit (AMD64)]",
        "command_line_arguments": "C:\\Users\\User\\anaconda3\\envs\\mlagents_env\\Scripts\\mlagents-learn config/enemy_attack_trainer_config.yaml --run-id=EnemyAI_Attack_Run_36 --env=./Build/AttackTraining/AI_Enemy.exe --time-scale=1.0 --capture-frame-rate=0 --num-envs=8",
        "mlagents_version": "0.28.0",
        "mlagents_envs_version": "0.28.0",
        "communication_protocol_version": "1.5.0",
        "pytorch_version": "2.4.1+cu118",
        "numpy_version": "1.21.6",
        "end_time_seconds": "1759857128"
    },
    "total": 14194.8483382,
    "count": 1,
    "self": 0.47870339999826683,
    "children": {
        "run_training.setup": {
            "total": 0.44896360000000013,
            "count": 1,
            "self": 0.44896360000000013
        },
        "TrainerController.start_learning": {
            "total": 14193.920671200001,
            "count": 1,
            "self": 5.00200049981504,
            "children": {
                "TrainerController._reset_env": {
                    "total": 6.584558100000001,
                    "count": 1,
                    "self": 6.584558100000001
                },
                "TrainerController.advance": {
                    "total": 14182.250986200186,
                    "count": 114743,
                    "self": 4.933516400076769,
                    "children": {
                        "env_step": {
                            "total": 3083.627467899998,
                            "count": 114743,
                            "self": 2095.9112134990764,
                            "children": {
                                "SubprocessEnvManager._take_step": {
                                    "total": 984.4438721007052,
                                    "count": 332918,
                                    "self": 34.76368590089544,
                                    "children": {
                                        "TorchPolicy.evaluate": {
                                            "total": 949.6801861998098,
                                            "count": 178190,
                                            "self": 288.89510989942085,
                                            "children": {
                                                "TorchPolicy.sample_actions": {
                                                    "total": 660.7850763003889,
                                                    "count": 178190,
                                                    "self": 660.7850763003889
                                                }
                                            }
                                        }
                                    }
                                },
                                "workers": {
                                    "total": 3.2723823002162824,
                                    "count": 114743,
                                    "self": 0.0,