{
    "name": "root",
    "gauges": {
        "EnemyAI.Policy.Entropy.mean": {
            "value": 1.1309559345245361,
            "min": 1.0916495323181152,
            "max": 1.6010916233062744,
            "count": 100
        },
        "EnemyAI.Policy.Entropy.sum": {
            "value": 57565.65625,
            "min": 54267.61328125,
            "max": 84681.734375,
            "count": 100
        },
        "EnemyAI.Step.mean": {
            "value": 9999912.0,
            "min": 5049984.0,
            "max": 9999912.0,
            "count": 100
        },
        "EnemyAI.Step.sum": {
            "value": 9999912.0,
            "min": 5049984.0,
            "max": 9999912.0,
            "count": 100
        },
        "EnemyAI.Policy.ExtrinsicValueEstimate.mean": {
            "value": -0.13154475390911102,
            "min": -0.3434288501739502,
            "max": -0.04953403398394585,
            "count": 100
        },
        "EnemyAI.Policy.ExtrinsicValueEstimate.sum": {
            "value": -65.90392303466797,
            "min": -172.7447052001953,
            "max": -24.866085052490234,
            "count": 100
        },
        "EnemyAI.Environment.EpisodeLength.mean": {
            "value": 296.0529411764706,
            "min": 288.81176470588235,
            "max": 299.0,
            "count": 100
        },
        "EnemyAI.Environment.EpisodeLength.sum": {
            "value": 50329.0,
            "min": 47348.0,
            "max": 51718.0,
            "count": 100
        },
        "EnemyAI.Environment.CumulativeReward.mean": {
            "value": -0.3655380512423375,
            "min": -1.2405905203330656,
            "max": -0.17919375626258102,
            "count": 100
        },
        "EnemyAI.Environment.CumulativeReward.sum": {
            "value": -62.141468711197376,
            "min": -213.86744387634099,
            "max": -29.74616353958845,
            "count": 100
        },
        "EnemyAI.Policy.ExtrinsicReward.mean": {
            "value": -0.3655380512423375,
            "min": -1.2405905203330656,
            "max": -0.17919375626258102,
            "count": 100
        },
        "EnemyAI.Policy.ExtrinsicReward.sum": {
            "value": -62.141468711197376,
            "min": -213.86744387634099,
            "max": -29.74616353958845,
            "count": 100
        },
        "EnemyAI.Losses.PolicyLoss.mean": {
            "value": 0.024280407748495537,
            "min": 0.020734492695579924,
            "max": 0.028369646227608125,
            "count": 100
        },
        "EnemyAI.Losses.PolicyLoss.sum": {
            "value": 0.12140203874247768,
            "min": 0.08719167557234565,
            "max": 0.14184823113804063,
            "count": 100
        },
        "EnemyAI.Losses.ValueLoss.mean": {
            "value": 0.12537721857428552,
            "min": 0.1076777541389068,
            "max": 0.14079947701344886,
            "count": 100
        },
        "EnemyAI.Losses.ValueLoss.sum": {
            "value": 0.6268860928714276,
            "min": 0.4307110165556272,
            "max": 0.6946897889177004,
            "count": 100
        },
        "EnemyAI.Policy.LearningRate.mean": {
            "value": 8.763637079120043e-07,
            "min": 8.763637079120043e-07,
            "max": 0.00014920202026601003,
            "count": 100
        },
        "EnemyAI.Policy.LearningRate.sum": {
            "value": 4.3818185395600215e-06,
            "min": 4.3818185395600215e-06,
            "max": 0.0007388768537078003,
            "count": 100
        },
        "EnemyAI.Policy.Epsilon.mean": {
            "value": 0.10029208800000003,
            "min": 0.10029208800000003,
            "max": 0.14973398999999998,
            "count": 100
        },
        "EnemyAI.Policy.Epsilon.sum": {
            "value": 0.5014604400000001,
            "min": 0.40302291999999995,
            "max": 0.7462922,
            "count": 100
        },
        "EnemyAI.Policy.Beta.mean": {
            "value": 2.4575191200000075e-05,
            "min": 2.4575191200000075e-05,
            "max": 0.002491726101,
            "count": 100
        },
        "EnemyAI.Policy.Beta.sum": {
            "value": 0.00012287595600000037,
            "min": 0.00012287595600000037,
            "max": 0.012339980780000004,
            "count": 100
        },
        "EnemyAI.IsTraining.mean": {
            "value": 1.0,
            "min": 1.0,
            "max": 1.0,
            "count": 100
        },
        "EnemyAI.IsTraining.sum": {
            "value": 1.0,
            "min": 1.0,
            "max": 1.0,
            "count": 100
        }
    },
    "metadata": {
        "timer_format_version": "0.1.0",
        "start_time_seconds": "1758177876",
        "python_version": "3.8.20 (default, Oct  3 2024, 15:19:54) [MSC v.1929 64 bit (AMD64)]",
        "command_line_arguments": "C:\\Users\\User\\anaconda3\\envs\\mlagents_env\\Scripts\\mlagents-learn config/enemy_attack_trainer_config.yaml --run-id=EnemyAI_Attack_Run_17 --env=./Build/AttackTraining/AI_Enemy.exe --num-envs=4 --resume",
        "mlagents_version": "0.28.0",
        "mlagents_envs_version": "0.28.0",
        "communication_protocol_version": "1.5.0",
        "pytorch_version": "2.4.1+cu118",
        "numpy_version": "1.21.6",
        "end_time_seconds": "1758186499"
    },
    "total": 8622.937934900001,
    "count": 1,
    "self": 0.26525710000169056,
    "children": {
        "run_training.setup": {
            "total": 0.22858999999999985,
            "count": 1,
            "self": 0.22858999999999985
        },
        "TrainerController.start_learning": {
            "total": 8622.444087799999,
            "count": 1,
            "self": 10.466974699647835,
            "children": {
                "TrainerController._reset_env": {
                    "total": 8.732963,
                    "count": 1,
                    "self": 8.732963
                },
                "TrainerController.advance": {
                    "total": 8603.173113000352,
                    "count": 463901,
                    "self": 9.390222800120682,
                    "children": {
                        "env_step": {
                            "total": 6824.47477360015,
                            "count": 463901,
                            "self": 4348.547537700248,
                            "children": {
                                "SubprocessEnvManager._take_step": {
                                    "total": 2469.599590599686,
                                    "count": 512445,
                                    "self": 35.596817399387874,
                                    "children": {
                                        "TorchPolicy.evaluate": {
                                            "total": 2434.002773200298,
                                            "count": 500265,
                                            "self": 886.3646372999515,
                                            "children": {
                                                "TorchPolicy.sample_actions": {
                                                    "total": 1547.6381359003467,
                                                    "count": 500265,
                                                    "self": 1547.6381359003467
                                                }
                                            }
                                        }
                                    }
                                },
                                "workers": {
                                    "total": 6.327645300215874,
                                    "count": 463901,
                                    "self": 0.0,
                                    "children": {
                                        "worker_root": {
                                            "total": 34445.54600320014,