{
    "name": "root",
    "gauges": {
        "EnemyAI.Policy.Entropy.mean": {
            "value": 1.5947028398513794,
            "min": 1.5862643718719482,
            "max": 3.2180397510528564,
            "count": 400
        },
        "EnemyAI.Policy.Entropy.sum": {
            "value": 78695.3984375,
            "min": 16273.685546875,
            "max": 733108.0625,
            "count": 400
        },
        "EnemyAI.Environment.EpisodeLength.mean": {
            "value": 151.6177370030581,
            "min": 131.2421052631579,
            "max": 267.6684210526316,
            "count": 400
        },
        "EnemyAI.Environment.EpisodeLength.sum": {
            "value": 49579.0,
            "min": 4333.0,
            "max": 105117.0,
            "count": 400
        },
        "EnemyAI.Step.mean": {
            "value": 19999892.0,
            "min": 49907.0,
            "max": 19999892.0,
            "count": 400
        },
        "EnemyAI.Step.sum": {
            "value": 19999892.0,
            "min": 49907.0,
            "max": 19999892.0,
            "count": 400
        },
        "EnemyAI.Policy.ExtrinsicValueEstimate.mean": {
            "value": 0.5010939240455627,
            "min": -1.4573019742965698,
            "max": 0.5038617253303528,
            "count": 400
        },
        "EnemyAI.Policy.ExtrinsicValueEstimate.sum": {
            "value": 169.870849609375,
            "min": -530.3338012695312,
            "max": 177.3593292236328,
            "count": 400
        },
        "EnemyAI.Environment.CumulativeReward.mean": {
            "value": 0.869605871624347,
            "min": -5.320424717327334,
            "max": 0.8942162112465927,
            "count": 400
        },
        "EnemyAI.Environment.CumulativeReward.sum": {
            "value": 288.7091493792832,
            "min": -2445.2217732667923,
            "max": 300.45664697885513,
            "count": 400
        },
        "EnemyAI.Policy.ExtrinsicReward.mean": {
            "value": 0.869605871624347,
            "min": -5.320424717327334,
            "max": 0.8942162112465927,
            "count": 400
        },
        "EnemyAI.Policy.ExtrinsicReward.sum": {
            "value": 288.7091493792832,
            "min": -2445.2217732667923,
            "max": 300.45664697885513,
            "count": 400
        },
        "EnemyAI.Losses.PolicyLoss.mean": {
            "value": 0.0117113385310707,
            "min": 0.006378958133670191,
            "max": 0.017774835942933956,
            "count": 400
        },
        "EnemyAI.Losses.PolicyLoss.sum": {
            "value": 0.0234226770621414,
            "min": 0.006378958133670191,
            "max": 0.030381634241590898,
            "count": 400
        },
        "EnemyAI.Losses.ValueLoss.mean": {
            "value": 0.04756650558362405,
            "min": 0.029784361397226653,
            "max": 0.12738392800092696,
            "count": 400
        },
        "EnemyAI.Losses.ValueLoss.sum": {
            "value": 0.0951330111672481,
            "min": 0.029784361397226653,
            "max": 0.21058420961101848,
            "count": 400
        },
        "EnemyAI.Policy.LearningRate.mean": {
            "value": 3.182048939650128e-07,
            "min": 3.182048939650128e-07,
            "max": 0.00029938392020536,
            "count": 400
        },
        "EnemyAI.Policy.LearningRate.sum": {
            "value": 6.364097879300256e-07,
            "min": 6.364097879300256e-07,
            "max": 0.0005888467387177549,
            "count": 400
        },
        "EnemyAI.Policy.Epsilon.mean": {
            "value": 0.10010603499999998,
            "min": 0.10010603499999998,
            "max": 0.19979464000000008,
            "count": 400
        },
        "EnemyAI.Policy.Epsilon.sum": {
            "value": 0.20021206999999996,
            "min": 0.10041701500000003,
            "max": 0.39628224499999987,
            "count": 400
        },
        "EnemyAI.Policy.Beta.mean": {
            "value": 1.529114650000022e-05,
            "min": 1.529114650000022e-05,
            "max": 0.0049897525360000005,
            "count": 400
        },
        "EnemyAI.Policy.Beta.sum": {
            "value": 3.058229300000044e-05,
            "min": 3.058229300000044e-05,
            "max": 0.0098144840255,
            "count": 400
        },
        "EnemyAI.IsTraining.mean": {
            "value": 1.0,
            "min": 1.0,
            "max": 1.0,
            "count": 400
        },
        "EnemyAI.IsTraining.sum": {
            "value": 1.0,
            "min": 1.0,
            "max": 1.0,
            "count": 400
        }
    },
    "metadata": {
        "timer_format_version": "0.1.0",
        "start_time_seconds": "1759722010",
        "python_version": "3.8.20 (default, Oct  3 2024, 15:19:54) [MSC v.1929 64 bit (AMD64)]",
        "command_line_arguments": "C:\\Users\\User\\anaconda3\\envs\\mlagents_env\\Scripts\\mlagents-learn config/enemy_attack_trainer_config.yaml --run-id=EnemyAI_Attack_Run_34-2 --env=./Build/AttackTraining/AI_Enemy.exe --time-scale=1.0 --capture-frame-rate=0 --no-graphics --num-envs=8",
        "mlagents_version": "0.28.0",
        "mlagents_envs_version": "0.28.0",
        "communication_protocol_version": "1.5.0",
        "pytorch_version": "2.4.1+cu118",
        "numpy_version": "1.21.6",
        "end_time_seconds": "1759730965"
    },
    "total": 8955.630753,
    "count": 1,
    "self": 1.0187599999990198,
    "children": {
        "run_training.setup": {
            "total": 0.49595189999999967,
            "count": 1,
            "self": 0.49595189999999967
        },
        "TrainerController.start_learning": {
            "total": 8954.1160411,
            "count": 1,
            "self": 1.8657510999328224,
            "children": {
                "TrainerController._reset_env": {
                    "total": 7.3183183,
                    "count": 1,
                    "self": 7.3183183
                },
                "TrainerController.advance": {
                    "total": 8944.834082600066,
                    "count": 46683,
                    "self": 1.9017007000675221,
                    "children": {
                        "env_step": {
                            "total": 2089.306223900061,
                            "count": 46683,
                            "self": 1421.2955258000486,
                            "children": {
                                "SubprocessEnvManager._take_step": {
                                    "total": 666.0733442999448,
                                    "count": 198147,
                                    "self": 21.412271699947723,
                                    "children": {
                                        "TorchPolicy.evaluate": {
                                            "total": 644.661072599997,
                                            "count": 119006,
                                            "self": 180.27085589995897,
                                            "children": {
                                                "TorchPolicy.sample_actions": {
                                                    "total": 464.3902167000381,
                                                    "count": 119006,
                                                    "self": 464.3902167000381
                                                }
                                            }
                                        }
                                    }
                                },
                                "workers": {
                                    "total": 1.9373538000675765,
                                    "count": 46683,
                                    "self": 0.0,
                                    "children": {
                                        "worker_root": {
                                            "total": 71576.06115849917,