{
    "name": "root",
    "gauges": {
        "EnemyAI.Policy.Entropy.mean": {
            "value": 2.115104913711548,
            "min": 1.8402976989746094,
            "max": 2.207327127456665,
            "count": 100
        },
        "EnemyAI.Policy.Entropy.sum": {
            "value": 21282.185546875,
            "min": 18237.966796875,
            "max": 22427.4921875,
            "count": 100
        },
        "EnemyAI.Step.mean": {
            "value": 999987.0,
            "min": 9948.0,
            "max": 999987.0,
            "count": 100
        },
        "EnemyAI.Step.sum": {
            "value": 999987.0,
            "min": 9948.0,
            "max": 999987.0,
            "count": 100
        },
        "EnemyAI.Policy.ExtrinsicValueEstimate.mean": {
            "value": 0.37049001455307007,
            "min": -6.157671928405762,
            "max": 0.8657973408699036,
            "count": 100
        },
        "EnemyAI.Policy.ExtrinsicValueEstimate.sum": {
            "value": 74.46849060058594,
            "min": -1206.9036865234375,
            "max": 173.1594696044922,
            "count": 100
        },
        "EnemyAI.Environment.EpisodeLength.mean": {
            "value": 186.6727272727273,
            "min": 174.89473684210526,
            "max": 194.07692307692307,
            "count": 100
        },
        "EnemyAI.Environment.EpisodeLength.sum": {
            "value": 10267.0,
            "min": 9270.0,
            "max": 10478.0,
            "count": 100
        },
        "EnemyAI.Environment.CumulativeReward.mean": {
            "value": 1.2810181768318711,
            "min": 0.586205930155177,
            "max": 3.0670218896806047,
            "count": 100
        },
        "EnemyAI.Environment.CumulativeReward.sum": {
            "value": 70.45599972575292,
            "min": 29.896502437914023,
            "max": 168.68620393243327,
            "count": 100
        },
        "EnemyAI.Policy.ExtrinsicReward.mean": {
            "value": 1.2810181768318711,
            "min": 0.586205930155177,
            "max": 3.0670218896806047,
            "count": 100
        },
        "EnemyAI.Policy.ExtrinsicReward.sum": {
            "value": 70.45599972575292,
            "min": 29.896502437914023,
            "max": 168.68620393243327,
            "count": 100
        },
        "EnemyAI.IsTraining.mean": {
            "value": 1.0,
            "min": 1.0,
            "max": 1.0,
            "count": 100
        },
        "EnemyAI.IsTraining.sum": {
            "value": 1.0,
            "min": 1.0,
            "max": 1.0,
            "count": 100
        },
        "EnemyAI.Losses.PolicyLoss.mean": {
            "value": 0.02905348939821124,
            "min": 0.016134277094776432,
            "max": 0.03175480244681239,
            "count": 97
        },
        "EnemyAI.Losses.PolicyLoss.sum": {
            "value": 0.02905348939821124,
            "min": 0.016134277094776432,
            "max": 0.03175480244681239,
            "count": 97
        },
        "EnemyAI.Losses.ValueLoss.mean": {
            "value": 0.24640993426243465,
            "min": 0.22947293967008592,
            "max": 2.9354385693868,
            "count": 97
        },
        "EnemyAI.Losses.ValueLoss.sum": {
            "value": 0.24640993426243465,
            "min": 0.22947293967008592,
            "max": 2.9354385693868,
            "count": 97
        },
        "EnemyAI.Policy.LearningRate.mean": {
            "value": 9.075996975000164e-07,
            "min": 9.075996975000164e-07,
            "max": 0.00029691720102759995,
            "count": 97
        },
        "EnemyAI.Policy.LearningRate.sum": {
            "value": 9.075996975000164e-07,
            "min": 9.075996975000164e-07,
            "max": 0.00029691720102759995,
            "count": 97
        },
        "EnemyAI.Policy.Epsilon.mean": {
            "value": 0.10030250000000004,
            "min": 0.10030250000000004,
            "max": 0.19897239999999997,
            "count": 97
        },
        "EnemyAI.Policy.Epsilon.sum": {
            "value": 0.10030250000000004,
            "min": 0.10030250000000004,
            "max": 0.19897239999999997,
            "count": 97
        },
        "EnemyAI.Policy.Beta.mean": {
            "value": 2.5094750000000277e-05,
            "min": 2.5094750000000277e-05,
            "max": 0.00494872276,
            "count": 97
        },
        "EnemyAI.Policy.Beta.sum": {
            "value": 2.5094750000000277e-05,
            "min": 2.5094750000000277e-05,
            "max": 0.00494872276,
            "count": 97
        }
    },
    "metadata": {
        "timer_format_version": "0.1.0",
        "start_time_seconds": "1753205782",
        "python_version": "3.8.20 (default, Oct  3 2024, 15:19:54) [MSC v.1929 64 bit (AMD64)]",
        "command_line_arguments": "C:\\Users\\User\\anaconda3\\envs\\mlagents_env\\Scripts\\mlagents-learn config/enemy_trainer_config.yaml --run-id=EnemyAI_Build_Run_10 --env=./Build/AI_Enemy.exe --num-envs=8 --force",
        "mlagents_version": "0.28.0",
        "mlagents_envs_version": "0.28.0",
        "communication_protocol_version": "1.5.0",
        "pytorch_version": "2.4.1+cu118",
        "numpy_version": "1.21.6",
        "end_time_seconds": "1753209780"
    },
    "total": 3997.4942527,
    "count": 1,
    "self": 0.3200557000000117,
    "children": {
        "run_training.setup": {
            "total": 0.4406766,
            "count": 1,
            "self": 0.4406766
        },
        "TrainerController.start_learning": {
            "total": 3996.7335203999996,
            "count": 1,
            "self": 5.145676099951288,
            "children": {
                "TrainerController._reset_env": {
                    "total": 6.325652100000001,
                    "count": 1,
                    "self": 6.325652100000001
                },
                "TrainerController.advance": {
                    "total": 3985.1992690000484,
                    "count": 150029,
                    "self": 3.2622426000452833,
                    "children": {
                        "env_step": {
                            "total": 3754.44295570003,
                            "count": 150029,
                            "self": 300.29095200018446,
                            "children": {
                                "SubprocessEnvManager._take_step": {
                                    "total": 3448.6662657999136,
                                    "count": 1004446,
                                    "self": 49.2873370999564,
                                    "children": {
                                        "TorchPolicy.evaluate": {
                                            "total": 3399.378928699957,
                                            "count": 1000280,
                                            "self": 1027.0572039000417,
                                            "children": {
                                                "TorchPolicy.sample_actions": {
                                                    "total": 2372.3217247999155,
                                                    "count": 1000280,
                                                    "self": 2372.3217247999155
                                                }
                                            }
                                        }
                                    }
                                },
                                "workers": {
                                    "total": 5.485737899931715,
                                    "count": 150029,
                                    "self": 0.0,
                                    "children": {
                                        "worker_root": {
                                            "total": 31905.200233899457,
                                            "count": 1004445,