{
    "name": "root",
    "gauges": {
        "EnemyAI.Policy.Entropy.mean": {
            "value": 1.8146312236785889,
            "min": 1.8146312236785889,
            "max": 2.9930968284606934,
            "count": 209
        },
        "EnemyAI.Policy.Entropy.sum": {
            "value": 18472.9453125,
            "min": 17284.51171875,
            "max": 37234.125,
            "count": 209
        },
        "EnemyAI.Environment.EpisodeLength.mean": {
            "value": 173.93103448275863,
            "min": 156.18867924528303,
            "max": 198.1346153846154,
            "count": 209
        },
        "EnemyAI.Environment.EpisodeLength.sum": {
            "value": 10088.0,
            "min": 8036.0,
            "max": 11478.0,
            "count": 209
        },
        "EnemyAI.Step.mean": {
            "value": 2089996.0,
            "min": 9995.0,
            "max": 2089996.0,
            "count": 209
        },
        "EnemyAI.Step.sum": {
            "value": 2089996.0,
            "min": 9995.0,
            "max": 2089996.0,
            "count": 209
        },
        "EnemyAI.Policy.ExtrinsicValueEstimate.mean": {
            "value": -0.30798476934432983,
            "min": -0.8789239525794983,
            "max": -0.29347124695777893,
            "count": 209
        },
        "EnemyAI.Policy.ExtrinsicValueEstimate.sum": {
            "value": -34.494293212890625,
            "min": -98.94822692871094,
            "max": -31.722257614135742,
            "count": 209
        },
        "EnemyAI.Environment.CumulativeReward.mean": {
            "value": -0.7797113276625934,
            "min": -3.4622650378280215,
            "max": -0.6964608175774752,
            "count": 209
        },
        "EnemyAI.Environment.CumulativeReward.sum": {
            "value": -44.443545676767826,
            "min": -187.58098229765892,
            "max": -38.77995200455189,
            "count": 209
        },
        "EnemyAI.Policy.ExtrinsicReward.mean": {
            "value": -0.7797113276625934,
            "min": -3.4622650378280215,
            "max": -0.6964608175774752,
            "count": 209
        },
        "EnemyAI.Policy.ExtrinsicReward.sum": {
            "value": -44.443545676767826,
            "min": -187.58098229765892,
            "max": -38.77995200455189,
            "count": 209
        },
        "EnemyAI.IsTraining.mean": {
            "value": 1.0,
            "min": 1.0,
            "max": 1.0,
            "count": 209
        },
        "EnemyAI.IsTraining.sum": {
            "value": 1.0,
            "min": 1.0,
            "max": 1.0,
            "count": 209
        },
        "EnemyAI.Losses.PolicyLoss.mean": {
            "value": 0.015564234585811694,
            "min": 0.011835742625407875,
            "max": 0.023226316583653293,
            "count": 101
        },
        "EnemyAI.Losses.PolicyLoss.sum": {
            "value": 0.015564234585811694,
            "min": 0.011835742625407875,
            "max": 0.023226316583653293,
            "count": 101
        },
        "EnemyAI.Losses.ValueLoss.mean": {
            "value": 0.006487066810950637,
            "min": 0.00602492104905347,
            "max": 0.03877720658977826,
            "count": 101
        },
        "EnemyAI.Losses.ValueLoss.sum": {
            "value": 0.006487066810950637,
            "min": 0.00602492104905347,
            "max": 0.03877720658977826,
            "count": 101
        },
        "EnemyAI.Policy.LearningRate.mean": {
            "value": 9.250966916346664e-05,
            "min": 9.250966916346664e-05,
            "max": 0.0002979492006836001,
            "count": 101
        },
        "EnemyAI.Policy.LearningRate.sum": {
            "value": 9.250966916346664e-05,
            "min": 9.250966916346664e-05,
            "max": 0.0002979492006836001,
            "count": 101
        },
        "EnemyAI.Policy.Epsilon.mean": {
            "value": 0.13083653333333337,
            "min": 0.13083653333333337,
            "max": 0.19931639999999995,
            "count": 101
        },
        "EnemyAI.Policy.Epsilon.sum": {
            "value": 0.13083653333333337,
            "min": 0.13083653333333337,
            "max": 0.19931639999999995,
            "count": 101
        },
        "EnemyAI.Policy.Beta.mean": {
            "value": 0.0015487430133333336,
            "min": 0.0015487430133333336,
            "max": 0.004965888360000001,
            "count": 101
        },
        "EnemyAI.Policy.Beta.sum": {
            "value": 0.0015487430133333336,
            "min": 0.0015487430133333336,
            "max": 0.004965888360000001,
            "count": 101
        }
    },
    "metadata": {
        "timer_format_version": "0.1.0",
        "start_time_seconds": "1756891218",
        "python_version": "3.8.20 (default, Oct  3 2024, 15:19:54) [MSC v.1929 64 bit (AMD64)]",
        "command_line_arguments": "C:\\Users\\User\\anaconda3\\envs\\mlagents_env\\Scripts\\mlagents-learn config/enemy_trainer_config.yaml --run-id=EnemyAI_Build_Run_24 --env=./Build/AI_Enemy.exe --num-envs=4 --force",
        "mlagents_version": "0.28.0",
        "mlagents_envs_version": "0.28.0",
        "communication_protocol_version": "1.5.0",
        "pytorch_version": "2.4.1+cu118",
        "numpy_version": "1.21.6",
        "end_time_seconds": "1756899297"
    },
    "total": 8078.664881799999,
    "count": 1,
    "self": 0.31970779999937804,
    "children": {
        "run_training.setup": {
            "total": 0.2356528,
            "count": 1,
            "self": 0.2356528
        },
        "TrainerController.start_learning": {
            "total": 8078.1095212,
            "count": 1,
            "self": 3.864545600022211,
            "children": {
                "TrainerController._reset_env": {
                    "total": 6.234961299999999,
                    "count": 1,
                    "self": 6.234961299999999
                },
                "TrainerController.advance": {
                    "total": 8067.932336899978,
                    "count": 169367,
                    "self": 3.579365899835466,
                    "children": {
                        "env_step": {
                            "total": 7294.165654700115,
                            "count": 169367,
                            "self": 5802.532291100295,
                            "children": {
                                "SubprocessEnvManager._take_step": {
                                    "total": 1489.0209270998637,
                                    "count": 219575,
                                    "self": 13.683721799732893,
                                    "children": {
                                        "TorchPolicy.evaluate": {
                                            "total": 1475.3372053001308,
                                            "count": 209783,
                                            "self": 771.8898073999626,
                                            "children": {
                                                "TorchPolicy.sample_actions": {
                                                    "total": 703.4473979001682,
                                                    "count": 209783,
                                                    "self": 703.4473979001682
                                                }
                                            }
                                        }
                                    }
                                },
                                "workers": {
                                    "total": 2.6124364999556917,
                                    "count": 169367,
                                    "self": 0.0,
                                    "children": {
                                        "worker_root": {
                                            "total": 32285.01819780015,