{
    "name": "root",
    "gauges": {
        "EnemyAI.Policy.Entropy.mean": {
            "value": 1.9733144044876099,
            "min": 1.9283676147460938,
            "max": 2.052907705307007,
            "count": 100
        },
        "EnemyAI.Policy.Entropy.sum": {
            "value": 19654.2109375,
            "min": 18010.953125,
            "max": 24762.76171875,
            "count": 100
        },
        "EnemyAI.Environment.EpisodeLength.mean": {
            "value": 205.25,
            "min": 180.21818181818182,
            "max": 221.70833333333334,
            "count": 100
        },
        "EnemyAI.Environment.EpisodeLength.sum": {
            "value": 9852.0,
            "min": 8283.0,
            "max": 12001.0,
            "count": 100
        },
        "EnemyAI.Step.mean": {
            "value": 2999920.0,
            "min": 2009954.0,
            "max": 2999920.0,
            "count": 100
        },
        "EnemyAI.Step.sum": {
            "value": 2999920.0,
            "min": 2009954.0,
            "max": 2999920.0,
            "count": 100
        },
        "EnemyAI.Policy.ExtrinsicValueEstimate.mean": {
            "value": 0.04419831559062004,
            "min": 0.004906035959720612,
            "max": 0.08633574843406677,
            "count": 100
        },
        "EnemyAI.Policy.ExtrinsicValueEstimate.sum": {
            "value": 4.508228302001953,
            "min": 0.48079150915145874,
            "max": 9.065253257751465,
            "count": 100
        },
        "EnemyAI.Environment.CumulativeReward.mean": {
            "value": -0.2063166399796804,
            "min": -0.48989016504264343,
            "max": 0.3157581769607284,
            "count": 100
        },
        "EnemyAI.Environment.CumulativeReward.sum": {
            "value": -9.903198719024658,
            "min": -24.984398417174816,
            "max": 17.36669973284006,
            "count": 100
        },
        "EnemyAI.Policy.ExtrinsicReward.mean": {
            "value": -0.2063166399796804,
            "min": -0.48989016504264343,
            "max": 0.3157581769607284,
            "count": 100
        },
        "EnemyAI.Policy.ExtrinsicReward.sum": {
            "value": -9.903198719024658,
            "min": -24.984398417174816,
            "max": 17.36669973284006,
            "count": 100
        },
        "EnemyAI.IsTraining.mean": {
            "value": 1.0,
            "min": 1.0,
            "max": 1.0,
            "count": 100
        },
        "EnemyAI.IsTraining.sum": {
            "value": 1.0,
            "min": 1.0,
            "max": 1.0,
            "count": 100
        },
        "EnemyAI.Losses.PolicyLoss.mean": {
            "value": 0.017852552079906065,
            "min": 0.010712918600377937,
            "max": 0.024245500339505573,
            "count": 48
        },
        "EnemyAI.Losses.PolicyLoss.sum": {
            "value": 0.017852552079906065,
            "min": 0.010712918600377937,
            "max": 0.024245500339505573,
            "count": 48
        },
        "EnemyAI.Losses.ValueLoss.mean": {
            "value": 0.03920689014097055,
            "min": 0.03546279494961103,
            "max": 0.04308622342844804,
            "count": 48
        },
        "EnemyAI.Losses.ValueLoss.sum": {
            "value": 0.03920689014097055,
            "min": 0.03546279494961103,
            "max": 0.04308622342844804,
            "count": 48
        },
        "EnemyAI.Policy.LearningRate.mean": {
            "value": 1.3782995405999964e-06,
            "min": 1.3782995405999964e-06,
            "max": 9.793786735406668e-05,
            "count": 48
        },
        "EnemyAI.Policy.LearningRate.sum": {
            "value": 1.3782995405999964e-06,
            "min": 1.3782995405999964e-06,
            "max": 9.793786735406668e-05,
            "count": 48
        },
        "EnemyAI.Policy.Epsilon.mean": {
            "value": 0.10045940000000003,
            "min": 0.10045940000000003,
            "max": 0.13264593333333335,
            "count": 48
        },
        "EnemyAI.Policy.Epsilon.sum": {
            "value": 0.10045940000000003,
            "min": 0.10045940000000003,
            "max": 0.13264593333333335,
            "count": 48
        },
        "EnemyAI.Policy.Beta.mean": {
            "value": 3.292405999999993e-05,
            "min": 3.292405999999993e-05,
            "max": 0.001639032073333333,
            "count": 48
        },
        "EnemyAI.Policy.Beta.sum": {
            "value": 3.292405999999993e-05,
            "min": 3.292405999999993e-05,
            "max": 0.001639032073333333,
            "count": 48
        }
    },
    "metadata": {
        "timer_format_version": "0.1.0",
        "start_time_seconds": "1757572343",
        "python_version": "3.8.20 (default, Oct  3 2024, 15:19:54) [MSC v.1929 64 bit (AMD64)]",
        "command_line_arguments": "C:\\Users\\User\\anaconda3\\envs\\mlagents_env\\Scripts\\mlagents-learn config/enemy_attack_trainer_config.yaml --run-id=EnemyAI_Attack_Run_02 --env=./Build/AttackTraining/AI_Enemy.exe --num-envs=4 --resume",
        "mlagents_version": "0.28.0",
        "mlagents_envs_version": "0.28.0",
        "communication_protocol_version": "1.5.0",
        "pytorch_version": "2.4.1+cu118",
        "numpy_version": "1.21.6",
        "end_time_seconds": "1757573588"
    },
    "total": 1244.2184587,
    "count": 1,
    "self": 0.2553542999999081,
    "children": {
        "run_training.setup": {
            "total": 0.21878810000000004,
            "count": 1,
            "self": 0.21878810000000004
        },
        "TrainerController.start_learning": {
            "total": 1243.7443163,
            "count": 1,
            "self": 2.2584941999934927,
            "children": {
                "TrainerController._reset_env": {
                    "total": 8.5669257,
                    "count": 1,
                    "self": 8.5669257
                },
                "TrainerController.advance": {
                    "total": 1232.8497204000066,
                    "count": 97116,
                    "self": 2.0214853000063613,
                    "children": {
                        "env_step": {
                            "total": 892.0581334000071,
                            "count": 97116,
                            "self": 470.2962342000217,
                            "children": {
                                "SubprocessEnvManager._take_step": {
                                    "total": 420.49165250001454,
                                    "count": 104260,
                                    "self": 6.690947800034621,
                                    "children": {
                                        "TorchPolicy.evaluate": {
                                            "total": 413.8007046999799,
                                            "count": 100189,
                                            "self": 127.82550489998403,
                                            "children": {
                                                "TorchPolicy.sample_actions": {
                                                    "total": 285.9751997999959,
                                                    "count": 100189,
                                                    "self": 285.9751997999959
                                                }
                                            }
                                        }
                                    }
                                },
                                "workers": {
                                    "total": 1.2702466999709525,
                                    "count": 97116,
                                    "self": 0.0,
                                    "children": {
                                        "worker_root": {
                                            "total": 4940.263137599961,