{
    "name": "root",
    "gauges": {
        "EnemyAI.Policy.Entropy.mean": {
            "value": 2.0480690002441406,
            "min": 1.9898157119750977,
            "max": 2.5429983139038086,
            "count": 100
        },
        "EnemyAI.Policy.Entropy.sum": {
            "value": 20873.919921875,
            "min": 20017.02734375,
            "max": 25860.12109375,
            "count": 100
        },
        "EnemyAI.Step.mean": {
            "value": 1999904.0,
            "min": 1009981.0,
            "max": 1999904.0,
            "count": 100
        },
        "EnemyAI.Step.sum": {
            "value": 1999904.0,
            "min": 1009981.0,
            "max": 1999904.0,
            "count": 100
        },
        "EnemyAI.Policy.ExtrinsicValueEstimate.mean": {
            "value": 0.6154396533966064,
            "min": 0.12499037384986877,
            "max": 0.715740978717804,
            "count": 100
        },
        "EnemyAI.Policy.ExtrinsicValueEstimate.sum": {
            "value": 57.23588943481445,
            "min": 10.74917221069336,
            "max": 66.849609375,
            "count": 100
        },
        "EnemyAI.Environment.EpisodeLength.mean": {
            "value": 347.86206896551727,
            "min": 297.93548387096774,
            "max": 512.578947368421,
            "count": 100
        },
        "EnemyAI.Environment.EpisodeLength.sum": {
            "value": 10088.0,
            "min": 8872.0,
            "max": 11082.0,
            "count": 100
        },
        "EnemyAI.Environment.CumulativeReward.mean": {
            "value": 2.3908554072780857,
            "min": 0.4264823583805043,
            "max": 2.8275284755509347,
            "count": 100
        },
        "EnemyAI.Environment.CumulativeReward.sum": {
            "value": 69.33480681106448,
            "min": 8.677582651376724,
            "max": 90.48091121762991,
            "count": 100
        },
        "EnemyAI.Policy.ExtrinsicReward.mean": {
            "value": 2.3908554072780857,
            "min": 0.4264823583805043,
            "max": 2.8275284755509347,
            "count": 100
        },
        "EnemyAI.Policy.ExtrinsicReward.sum": {
            "value": 69.33480681106448,
            "min": 8.677582651376724,
            "max": 90.48091121762991,
            "count": 100
        },
        "EnemyAI.IsTraining.mean": {
            "value": 1.0,
            "min": 1.0,
            "max": 1.0,
            "count": 100
        },
        "EnemyAI.IsTraining.sum": {
            "value": 1.0,
            "min": 1.0,
            "max": 1.0,
            "count": 100
        },
        "EnemyAI.Losses.PolicyLoss.mean": {
            "value": 0.017587153256560364,
            "min": 0.011896111164242029,
            "max": 0.022915189790849885,
            "count": 48
        },
        "EnemyAI.Losses.PolicyLoss.sum": {
            "value": 0.017587153256560364,
            "min": 0.011896111164242029,
            "max": 0.022915189790849885,
            "count": 48
        },
        "EnemyAI.Losses.ValueLoss.mean": {
            "value": 0.031197753983239332,
            "min": 0.028056498120228448,
            "max": 0.04386775282522042,
            "count": 48
        },
        "EnemyAI.Losses.ValueLoss.sum": {
            "value": 0.031197753983239332,
            "min": 0.028056498120228448,
            "max": 0.04386775282522042,
            "count": 48
        },
        "EnemyAI.Policy.LearningRate.mean": {
            "value": 2.0388993204000072e-06,
            "min": 2.0388993204000072e-06,
            "max": 0.00014690225103260003,
            "count": 48
        },
        "EnemyAI.Policy.LearningRate.sum": {
            "value": 2.0388993204000072e-06,
            "min": 2.0388993204000072e-06,
            "max": 0.00014690225103260003,
            "count": 48
        },
        "EnemyAI.Policy.Epsilon.mean": {
            "value": 0.1006796,
            "min": 0.1006796,
            "max": 0.14896740000000003,
            "count": 48
        },
        "EnemyAI.Policy.Epsilon.sum": {
            "value": 0.1006796,
            "min": 0.1006796,
            "max": 0.14896740000000003,
            "count": 48
        },
        "EnemyAI.Policy.Beta.mean": {
            "value": 4.3912040000000134e-05,
            "min": 4.3912040000000134e-05,
            "max": 0.002453473260000001,
            "count": 48
        },
        "EnemyAI.Policy.Beta.sum": {
            "value": 4.3912040000000134e-05,
            "min": 4.3912040000000134e-05,
            "max": 0.002453473260000001,
            "count": 48
        }
    },
    "metadata": {
        "timer_format_version": "0.1.0",
        "start_time_seconds": "1753803629",
        "python_version": "3.8.20 (default, Oct  3 2024, 15:19:54) [MSC v.1929 64 bit (AMD64)]",
        "command_line_arguments": "C:\\Users\\User\\anaconda3\\envs\\mlagents_env\\Scripts\\mlagents-learn config/enemy_trainer_config.yaml --run-id=EnemyAI_Build_Run_16 --env=./Build/AI_Enemy.exe --num-envs=4 --resume",
        "mlagents_version": "0.28.0",
        "mlagents_envs_version": "0.28.0",
        "communication_protocol_version": "1.5.0",
        "pytorch_version": "2.4.1+cu118",
        "numpy_version": "1.21.6",
        "end_time_seconds": "1753814704"
    },
    "total": 11074.9209202,
    "count": 1,
    "self": 0.49319570000079693,
    "children": {
        "run_training.setup": {
            "total": 0.22400989999999976,
            "count": 1,
            "self": 0.22400989999999976
        },
        "TrainerController.start_learning": {
            "total": 11074.2037146,
            "count": 1,
            "self": 9.16872780014819,
            "children": {
                "TrainerController._reset_env": {
                    "total": 6.384502899999999,
                    "count": 1,
                    "self": 6.384502899999999
                },
                "TrainerController.advance": {
                    "total": 11058.60311879985,
                    "count": 388614,
                    "self": 7.206167499562071,
                    "children": {
                        "env_step": {
                            "total": 10773.927954500394,
                            "count": 388614,
                            "self": 340.2859321002434,
                            "children": {
                                "SubprocessEnvManager._take_step": {
                                    "total": 10426.786606700127,
                                    "count": 1002038,
                                    "self": 54.39719450004122,
                                    "children": {
                                        "TorchPolicy.evaluate": {
                                            "total": 10372.389412200086,
                                            "count": 1000272,
                                            "self": 4795.909016301415,
                                            "children": {
                                                "TorchPolicy.sample_actions": {
                                                    "total": 5576.48039589867,
                                                    "count": 1000272,
                                                    "self": 5576.48039589867
                                                }
                                            }
                                        }
                                    }
                                },
                                "workers": {
                                    "total": 6.855415700022887,
                                    "count": 388614,
                                    "self": 0.0,
                                    "children": {
                                        "worker_root": {
                                            "total": 44253.830916702835,
                                            "count": 1002037,