{
    "name": "root",
    "gauges": {
        "EnemyAI.Policy.Entropy.mean": {
            "value": 2.780818223953247,
            "min": 2.7740681171417236,
            "max": 3.2156128883361816,
            "count": 300
        },
        "EnemyAI.Policy.Entropy.sum": {
            "value": 29087.359375,
            "min": 25876.302734375,
            "max": 36657.98828125,
            "count": 300
        },
        "EnemyAI.Environment.EpisodeLength.mean": {
            "value": 192.3469387755102,
            "min": 182.1764705882353,
            "max": 279.5945945945946,
            "count": 300
        },
        "EnemyAI.Environment.EpisodeLength.sum": {
            "value": 9425.0,
            "min": 4332.0,
            "max": 11977.0,
            "count": 300
        },
        "EnemyAI.Step.mean": {
            "value": 2999983.0,
            "min": 9985.0,
            "max": 2999983.0,
            "count": 300
        },
        "EnemyAI.Step.sum": {
            "value": 2999983.0,
            "min": 9985.0,
            "max": 2999983.0,
            "count": 300
        },
        "EnemyAI.Policy.ExtrinsicValueEstimate.mean": {
            "value": -0.5703237056732178,
            "min": -1.2073193788528442,
            "max": 1.2100926637649536,
            "count": 300
        },
        "EnemyAI.Policy.ExtrinsicValueEstimate.sum": {
            "value": -59.88399124145508,
            "min": -126.83077239990234,
            "max": 107.93408203125,
            "count": 300
        },
        "EnemyAI.Policy.CuriosityValueEstimate.mean": {
            "value": 0.13548429310321808,
            "min": -0.19312451779842377,
            "max": 1.7610777616500854,
            "count": 300
        },
        "EnemyAI.Policy.CuriosityValueEstimate.sum": {
            "value": 14.225850105285645,
            "min": -18.596406936645508,
            "max": 177.8688507080078,
            "count": 300
        },
        "EnemyAI.Environment.CumulativeReward.mean": {
            "value": -1.7101491143052676,
            "min": -4.951519482844585,
            "max": -1.3024665485037135,
            "count": 300
        },
        "EnemyAI.Environment.CumulativeReward.sum": {
            "value": -83.79730660095811,
            "min": -207.51079067587852,
            "max": -61.21592777967453,
            "count": 300
        },
        "EnemyAI.Policy.ExtrinsicReward.mean": {
            "value": -1.7101491143052676,
            "min": -4.951519482844585,
            "max": -1.3024665485037135,
            "count": 300
        },
        "EnemyAI.Policy.ExtrinsicReward.sum": {
            "value": -83.79730660095811,
            "min": -207.51079067587852,
            "max": -61.21592777967453,
            "count": 300
        },
        "EnemyAI.Policy.CuriosityReward.mean": {
            "value": 0.2704299486156705,
            "min": 0.0,
            "max": 7.384425081357005,
            "count": 300
        },
        "EnemyAI.Policy.CuriosityReward.sum": {
            "value": 13.251067482167855,
            "min": 0.0,
            "max": 310.1458534169942,
            "count": 300
        },
        "EnemyAI.IsTraining.mean": {
            "value": 1.0,
            "min": 1.0,
            "max": 1.0,
            "count": 300
        },
        "EnemyAI.IsTraining.sum": {
            "value": 1.0,
            "min": 1.0,
            "max": 1.0,
            "count": 300
        },
        "EnemyAI.Losses.PolicyLoss.mean": {
            "value": 0.023169589166839918,
            "min": 0.01578683004093667,
            "max": 0.03352986009170612,
            "count": 291
        },
        "EnemyAI.Losses.PolicyLoss.sum": {
            "value": 0.023169589166839918,
            "min": 0.01578683004093667,
            "max": 0.03352986009170612,
            "count": 291
        },
        "EnemyAI.Losses.ValueLoss.mean": {
            "value": 0.022665347593526047,
            "min": 0.007622534440209468,
            "max": 0.2383073960741361,
            "count": 291
        },
        "EnemyAI.Losses.ValueLoss.sum": {
            "value": 0.022665347593526047,
            "min": 0.007622534440209468,
            "max": 0.2383073960741361,
            "count": 291
        },
        "EnemyAI.Policy.LearningRate.mean": {
            "value": 1.0249996586665803e-07,
            "min": 1.0249996586665803e-07,
            "max": 0.0002989711003429667,
            "count": 291
        },
        "EnemyAI.Policy.LearningRate.sum": {
            "value": 1.0249996586665803e-07,
            "min": 1.0249996586665803e-07,
            "max": 0.0002989711003429667,
            "count": 291
        },
        "EnemyAI.Policy.Epsilon.mean": {
            "value": 0.1000341333333333,
            "min": 0.1000341333333333,
            "max": 0.19965703333333337,
            "count": 291
        },
        "EnemyAI.Policy.Epsilon.sum": {
            "value": 0.1000341333333333,
            "min": 0.1000341333333333,
            "max": 0.19965703333333337,
            "count": 291
        },
        "EnemyAI.Policy.Beta.mean": {
            "value": 1.6823253333332767e-05,
            "min": 1.6823253333332767e-05,
            "max": 0.01993144096333333,
            "count": 291
        },
        "EnemyAI.Policy.Beta.sum": {
            "value": 1.6823253333332767e-05,
            "min": 1.6823253333332767e-05,
            "max": 0.01993144096333333,
            "count": 291
        },
        "EnemyAI.Losses.CuriosityForwardLoss.mean": {
            "value": 0.06839068991442522,
            "min": 0.05922708275417487,
            "max": 10.472556336720784,
            "count": 291
        },
        "EnemyAI.Losses.CuriosityForwardLoss.sum": {
            "value": 0.06839068991442522,
            "min": 0.05922708275417487,
            "max": 10.472556336720784,
            "count": 291
        },
        "EnemyAI.Losses.CuriosityInverseLoss.mean": {
            "value": 1.5342832922935485,
            "min": 1.5304588834444681,
            "max": 3.2325610796610516,
            "count": 291
        },
        "EnemyAI.Losses.CuriosityInverseLoss.sum": {
            "value": 1.5342832922935485,
            "min": 1.5304588834444681,
            "max": 3.2325610796610516,
            "count": 291
        }
    },
    "metadata": {
        "timer_format_version": "0.1.0",
        "start_time_seconds": "1757646184",
        "python_version": "3.8.20 (default, Oct  3 2024, 15:19:54) [MSC v.1929 64 bit (AMD64)]",
        "command_line_arguments": "C:\\Users\\User\\anaconda3\\envs\\mlagents_env\\Scripts\\mlagents-learn config/enemy_attack_trainer_config.yaml --run-id=EnemyAI_Attack_Run_08 --env=./Build/AttackTraining/AI_Enemy.exe --num-envs=4 --force",
        "mlagents_version": "0.28.0",
        "mlagents_envs_version": "0.28.0",
        "communication_protocol_version": "1.5.0",
        "pytorch_version": "2.4.1+cu118",
        "numpy_version": "1.21.6",
        "end_time_seconds": "1757650255"
    },
    "total": 4070.674594,
    "count": 1,
    "self": 0.27391300000044794,
    "children": {
        "run_training.setup": {
            "total": 0.2133396999999999,
            "count": 1,
            "self": 0.2133396999999999
        },
        "TrainerController.start_learning": {
            "total": 4070.1873413,
            "count": 1,
            "self": 6.387177000053271,
            "children": {
                "TrainerController._reset_env": {
                    "total": 5.6819638,
                    "count": 1,
                    "self": 5.6819638
                },
                "TrainerController.advance": {
                    "total": 4058.0383999999463,
                    "count": 285724,
                    "self": 5.594921199869532,
                    "children": {
                        "env_step": {
                            "total": 2658.2431319999796,
                            "count": 285724,