{
    "name": "root",
    "gauges": {
        "EnemyAI.Policy.Entropy.mean": {
            "value": 2.103058099746704,
            "min": 2.097663640975952,
            "max": 3.214907169342041,
            "count": 400
        },
        "EnemyAI.Policy.Entropy.sum": {
            "value": 105203.3828125,
            "min": 4334.36474609375,
            "max": 925272.8125,
            "count": 400
        },
        "EnemyAI.Environment.EpisodeLength.mean": {
            "value": 168.24451410658307,
            "min": 144.2128279883382,
            "max": 289.5716312056738,
            "count": 400
        },
        "EnemyAI.Environment.EpisodeLength.sum": {
            "value": 53670.0,
            "min": 1068.0,
            "max": 204148.0,
            "count": 400
        },
        "EnemyAI.Step.mean": {
            "value": 19999871.0,
            "min": 49936.0,
            "max": 19999871.0,
            "count": 400
        },
        "EnemyAI.Step.sum": {
            "value": 19999871.0,
            "min": 49936.0,
            "max": 19999871.0,
            "count": 400
        },
        "EnemyAI.Policy.ExtrinsicValueEstimate.mean": {
            "value": -0.06525955349206924,
            "min": -1.066791296005249,
            "max": 0.05654725432395935,
            "count": 400
        },
        "EnemyAI.Policy.ExtrinsicValueEstimate.sum": {
            "value": -25.908042907714844,
            "min": -512.3658447265625,
            "max": 21.601051330566406,
            "count": 400
        },
        "EnemyAI.Environment.CumulativeReward.mean": {
            "value": -0.14124556768650545,
            "min": -4.573582789880766,
            "max": 0.1921065309929774,
            "count": 400
        },
        "EnemyAI.Environment.CumulativeReward.sum": {
            "value": -45.05733609199524,
            "min": -3178.6400389671326,
            "max": 62.0504095107317,
            "count": 400
        },
        "EnemyAI.Policy.ExtrinsicReward.mean": {
            "value": -0.14124556768650545,
            "min": -4.573582789880766,
            "max": 0.1921065309929774,
            "count": 400
        },
        "EnemyAI.Policy.ExtrinsicReward.sum": {
            "value": -45.05733609199524,
            "min": -3178.6400389671326,
            "max": 62.0504095107317,
            "count": 400
        },
        "EnemyAI.Losses.PolicyLoss.mean": {
            "value": 0.011977825275001427,
            "min": 0.007980402776350577,
            "max": 0.016124044343208275,
            "count": 399
        },
        "EnemyAI.Losses.PolicyLoss.sum": {
            "value": 0.011977825275001427,
            "min": 0.007980402776350577,
            "max": 0.03110005996034791,
            "count": 399
        },
        "EnemyAI.Losses.ValueLoss.mean": {
            "value": 0.07092930227518082,
            "min": 0.017186626148897977,
            "max": 0.13776708394289017,
            "count": 399
        },
        "EnemyAI.Losses.ValueLoss.sum": {
            "value": 0.07092930227518082,
            "min": 0.017186626148897977,
            "max": 0.17331129138668377,
            "count": 399
        },
        "EnemyAI.Policy.LearningRate.mean": {
            "value": 2.0097993304001433e-07,
            "min": 2.0097993304001433e-07,
            "max": 0.00029938425020525005,
            "count": 399
        },
        "EnemyAI.Policy.LearningRate.sum": {
            "value": 2.0097993304001433e-07,
            "min": 2.0097993304001433e-07,
            "max": 0.000582810350729885,
            "count": 399
        },
        "EnemyAI.Policy.Epsilon.mean": {
            "value": 0.10006695999999998,
            "min": 0.10006695999999998,
            "max": 0.19979474999999997,
            "count": 399
        },
        "EnemyAI.Policy.Epsilon.sum": {
            "value": 0.10006695999999998,
            "min": 0.10006695999999998,
            "max": 0.3942701150000001,
            "count": 399
        },
        "EnemyAI.Policy.Beta.mean": {
            "value": 1.334130400000024e-05,
            "min": 1.334130400000024e-05,
            "max": 0.004989758025000002,
            "count": 399
        },
        "EnemyAI.Policy.Beta.sum": {
            "value": 1.334130400000024e-05,
            "min": 1.334130400000024e-05,
            "max": 0.009714078738499998,
            "count": 399
        },
        "EnemyAI.IsTraining.mean": {
            "value": 1.0,
            "min": 1.0,
            "max": 1.0,
            "count": 400
        },
        "EnemyAI.IsTraining.sum": {
            "value": 1.0,
            "min": 1.0,
            "max": 1.0,
            "count": 400
        }
    },
    "metadata": {
        "timer_format_version": "0.1.0",
        "start_time_seconds": "1760345505",
        "python_version": "3.8.20 (default, Oct  3 2024, 15:19:54) [MSC v.1929 64 bit (AMD64)]",
        "command_line_arguments": "C:\\Users\\User\\anaconda3\\envs\\mlagents_env\\Scripts\\mlagents-learn config/enemy_attack_trainer_config.yaml --run-id=EnemyAI_Attack_Run_37 --env=./Build/AttackTraining/AI_Enemy.exe --time-scale=1.0 --capture-frame-rate=0 --num-envs=8",
        "mlagents_version": "0.28.0",
        "mlagents_envs_version": "0.28.0",
        "communication_protocol_version": "1.5.0",
        "pytorch_version": "2.4.1+cu118",
        "numpy_version": "1.21.6",
        "end_time_seconds": "1760354627"
    },
    "total": 9121.214883999999,
    "count": 1,
    "self": 0.5541826999997284,
    "children": {
        "run_training.setup": {
            "total": 0.47022720000000007,
            "count": 1,
            "self": 0.47022720000000007
        },
        "TrainerController.start_learning": {
            "total": 9120.1904741,
            "count": 1,
            "self": 2.078092000045217,
            "children": {
                "TrainerController._reset_env": {
                    "total": 7.328370499999999,
                    "count": 1,
                    "self": 7.328370499999999
                },
                "TrainerController.advance": {
                    "total": 9110.684353899953,
                    "count": 48066,
                    "self": 1.873271299951739,
                    "children": {
                        "env_step": {
                            "total": 2034.3555426999803,
                            "count": 48066,
                            "self": 1316.9028498997181,
                            "children": {
                                "SubprocessEnvManager._take_step": {
                                    "total": 715.4623201002108,
                                    "count": 203319,
                                    "self": 22.38570450013094,
                                    "children": {
                                        "TorchPolicy.evaluate": {
                                            "total": 693.0766156000799,
                                            "count": 119052,
                                            "self": 208.9380819001729,
                                            "children": {
                                                "TorchPolicy.sample_actions": {
                                                    "total": 484.138533699907,
                                                    "count": 119052,
                                                    "self": 484.138533699907
                                                }
                                            }
                                        }
                                    }
                                },
                                "workers": {
                                    "total": 1.99037270005131,
                                    "count": 48066,
                                    "self": 0.0,