{
    "name": "root",
    "gauges": {
        "EnemyAI.Policy.Entropy.mean": {
            "value": 2.7419092655181885,
            "min": 2.674450635910034,
            "max": 3.217160940170288,
            "count": 200
        },
        "EnemyAI.Policy.Entropy.sum": {
            "value": 27791.9921875,
            "min": 24319.33203125,
            "max": 46121.21875,
            "count": 200
        },
        "EnemyAI.Step.mean": {
            "value": 1999910.0,
            "min": 9984.0,
            "max": 1999910.0,
            "count": 200
        },
        "EnemyAI.Step.sum": {
            "value": 1999910.0,
            "min": 9984.0,
            "max": 1999910.0,
            "count": 200
        },
        "EnemyAI.Policy.ExtrinsicValueEstimate.mean": {
            "value": -0.6718018651008606,
            "min": -1.091943621635437,
            "max": 0.19634732604026794,
            "count": 200
        },
        "EnemyAI.Policy.ExtrinsicValueEstimate.sum": {
            "value": -68.52378845214844,
            "min": -110.28630828857422,
            "max": 21.794553756713867,
            "count": 200
        },
        "EnemyAI.Environment.EpisodeLength.mean": {
            "value": 268.2439024390244,
            "min": 199.0,
            "max": 275.1764705882353,
            "count": 199
        },
        "EnemyAI.Environment.EpisodeLength.sum": {
            "value": 10998.0,
            "min": 3184.0,
            "max": 15144.0,
            "count": 199
        },
        "EnemyAI.Environment.CumulativeReward.mean": {
            "value": -2.3757779394708027,
            "min": -4.277960004976817,
            "max": 0.7500000242143869,
            "count": 199
        },
        "EnemyAI.Environment.CumulativeReward.sum": {
            "value": -97.40689551830292,
            "min": -215.60818845033646,
            "max": 12.000000387430191,
            "count": 199
        },
        "EnemyAI.Policy.ExtrinsicReward.mean": {
            "value": -2.3757779394708027,
            "min": -4.277960004976817,
            "max": 0.7500000242143869,
            "count": 199
        },
        "EnemyAI.Policy.ExtrinsicReward.sum": {
            "value": -97.40689551830292,
            "min": -215.60818845033646,
            "max": 12.000000387430191,
            "count": 199
        },
        "EnemyAI.IsTraining.mean": {
            "value": 1.0,
            "min": 1.0,
            "max": 1.0,
            "count": 200
        },
        "EnemyAI.IsTraining.sum": {
            "value": 1.0,
            "min": 1.0,
            "max": 1.0,
            "count": 200
        },
        "EnemyAI.Losses.PolicyLoss.mean": {
            "value": 0.019090925979738434,
            "min": 0.011308144715925058,
            "max": 0.024129086600927014,
            "count": 96
        },
        "EnemyAI.Losses.PolicyLoss.sum": {
            "value": 0.019090925979738434,
            "min": 0.011308144715925058,
            "max": 0.024129086600927014,
            "count": 96
        },
        "EnemyAI.Losses.ValueLoss.mean": {
            "value": 0.03683254097898801,
            "min": 0.02884321870903174,
            "max": 0.5666111995776494,
            "count": 96
        },
        "EnemyAI.Losses.ValueLoss.sum": {
            "value": 0.03683254097898801,
            "min": 0.02884321870903174,
            "max": 0.5666111995776494,
            "count": 96
        },
        "EnemyAI.Policy.LearningRate.mean": {
            "value": 2.3240492253499964e-06,
            "min": 2.3240492253499964e-06,
            "max": 0.00029685645104784997,
            "count": 96
        },
        "EnemyAI.Policy.LearningRate.sum": {
            "value": 2.3240492253499964e-06,
            "min": 2.3240492253499964e-06,
            "max": 0.00029685645104784997,
            "count": 96
        },
        "EnemyAI.Policy.Epsilon.mean": {
            "value": 0.10077465,
            "min": 0.10077465,
            "max": 0.19895215000000008,
            "count": 96
        },
        "EnemyAI.Policy.Epsilon.sum": {
            "value": 0.10077465,
            "min": 0.10077465,
            "max": 0.19895215000000008,
            "count": 96
        },
        "EnemyAI.Policy.Beta.mean": {
            "value": 4.865503499999995e-05,
            "min": 4.865503499999995e-05,
            "max": 0.004947712284999999,
            "count": 96
        },
        "EnemyAI.Policy.Beta.sum": {
            "value": 4.865503499999995e-05,
            "min": 4.865503499999995e-05,
            "max": 0.004947712284999999,
            "count": 96
        }
    },
    "metadata": {
        "timer_format_version": "0.1.0",
        "start_time_seconds": "1757566084",
        "python_version": "3.8.20 (default, Oct  3 2024, 15:19:54) [MSC v.1929 64 bit (AMD64)]",
        "command_line_arguments": "C:\\Users\\User\\anaconda3\\envs\\mlagents_env\\Scripts\\mlagents-learn config/enemy_mix_trainer_config.yaml --run-id=EnemyAI_Mixed_Run_03 --env=./Build/MixedTraining/AI_Enemy.exe --num-envs=4 --force",
        "mlagents_version": "0.28.0",
        "mlagents_envs_version": "0.28.0",
        "communication_protocol_version": "1.5.0",
        "pytorch_version": "2.4.1+cu118",
        "numpy_version": "1.21.6",
        "end_time_seconds": "1757568066"
    },
    "total": 1982.02473,
    "count": 1,
    "self": 0.2707697000003009,
    "children": {
        "run_training.setup": {
            "total": 0.22606280000000023,
            "count": 1,
            "self": 0.22606280000000023
        },
        "TrainerController.start_learning": {
            "total": 1981.5278974999999,
            "count": 1,
            "self": 3.0389880000109315,
            "children": {
                "TrainerController._reset_env": {
                    "total": 5.968232599999999,
                    "count": 1,
                    "self": 5.968232599999999
                },
                "TrainerController.advance": {
                    "total": 1972.475611799989,
                    "count": 135701,
                    "self": 2.761301799994726,
                    "children": {
                        "env_step": {
                            "total": 1308.4127155999902,
                            "count": 135701,
                            "self": 668.1654662999821,
                            "children": {
                                "SubprocessEnvManager._take_step": {
                                    "total": 638.4562578999837,
                                    "count": 145889,
                                    "self": 10.749905499988472,
                                    "children": {
                                        "TorchPolicy.evaluate": {
                                            "total": 627.7063523999952,
                                            "count": 143061,
                                            "self": 192.90983769997285,
                                            "children": {
                                                "TorchPolicy.sample_actions": {
                                                    "total": 434.7965147000224,
                                                    "count": 143061,
                                                    "self": 434.7965147000224
                                                }
                                            }
                                        }
                                    }
                                },
                                "workers": {
                                    "total": 1.7909914000243514,
                                    "count": 135701,
                                    "self": 0.0,
                                    "children": {
                                        "worker_root": {
                                            "total": 7900.890669499888,
                                            "count": 145886,