{
    "name": "root",
    "gauges": {
        "EnemyAI.Policy.Entropy.mean": {
            "value": 0.9962629675865173,
            "min": 0.9304628372192383,
            "max": 3.2172389030456543,
            "count": 500
        },
        "EnemyAI.Policy.Entropy.sum": {
            "value": 10241.5830078125,
            "min": 8866.6416015625,
            "max": 38413.83203125,
            "count": 500
        },
        "EnemyAI.Environment.EpisodeLength.mean": {
            "value": 286.75757575757575,
            "min": 151.76666666666668,
            "max": 291.35135135135135,
            "count": 500
        },
        "EnemyAI.Environment.EpisodeLength.sum": {
            "value": 9463.0,
            "min": 7856.0,
            "max": 11742.0,
            "count": 500
        },
        "EnemyAI.Step.mean": {
            "value": 4999927.0,
            "min": 9951.0,
            "max": 4999927.0,
            "count": 500
        },
        "EnemyAI.Step.sum": {
            "value": 4999927.0,
            "min": 9951.0,
            "max": 4999927.0,
            "count": 500
        },
        "EnemyAI.Policy.ExtrinsicValueEstimate.mean": {
            "value": -0.5772694945335388,
            "min": -1.4257001876831055,
            "max": -0.025820789858698845,
            "count": 500
        },
        "EnemyAI.Policy.ExtrinsicValueEstimate.sum": {
            "value": -57.14967727661133,
            "min": -152.86817932128906,
            "max": -2.5820789337158203,
            "count": 500
        },
        "EnemyAI.Environment.CumulativeReward.mean": {
            "value": -1.4794854107453967,
            "min": -4.968347526513613,
            "max": -1.1722275173912446,
            "count": 500
        },
        "EnemyAI.Environment.CumulativeReward.sum": {
            "value": -48.82301855459809,
            "min": -266.08140563964844,
            "max": -40.447554647922516,
            "count": 500
        },
        "EnemyAI.Policy.ExtrinsicReward.mean": {
            "value": -1.4794854107453967,
            "min": -4.968347526513613,
            "max": -1.1722275173912446,
            "count": 500
        },
        "EnemyAI.Policy.ExtrinsicReward.sum": {
            "value": -48.82301855459809,
            "min": -266.08140563964844,
            "max": -40.447554647922516,
            "count": 500
        },
        "EnemyAI.IsTraining.mean": {
            "value": 1.0,
            "min": 1.0,
            "max": 1.0,
            "count": 500
        },
        "EnemyAI.IsTraining.sum": {
            "value": 1.0,
            "min": 1.0,
            "max": 1.0,
            "count": 500
        },
        "EnemyAI.Losses.PolicyLoss.mean": {
            "value": 0.02148246254461507,
            "min": 0.015396906963239114,
            "max": 0.03600270004632573,
            "count": 485
        },
        "EnemyAI.Losses.PolicyLoss.sum": {
            "value": 0.02148246254461507,
            "min": 0.015396906963239114,
            "max": 0.03600270004632573,
            "count": 485
        },
        "EnemyAI.Losses.ValueLoss.mean": {
            "value": 0.04641402376194795,
            "min": 0.020582005257407825,
            "max": 0.08823557322223981,
            "count": 485
        },
        "EnemyAI.Losses.ValueLoss.sum": {
            "value": 0.04641402376194795,
            "min": 0.020582005257407825,
            "max": 0.08823557322223981,
            "count": 485
        },
        "EnemyAI.Policy.LearningRate.mean": {
            "value": 2.485599171799836e-07,
            "min": 2.485599171799836e-07,
            "max": 0.00029937960020679996,
            "count": 485
        },
        "EnemyAI.Policy.LearningRate.sum": {
            "value": 2.485599171799836e-07,
            "min": 2.485599171799836e-07,
            "max": 0.00029937960020679996,
            "count": 485
        },
        "EnemyAI.Policy.Epsilon.mean": {
            "value": 0.10008281999999998,
            "min": 0.10008281999999998,
            "max": 0.19979320000000006,
            "count": 485
        },
        "EnemyAI.Policy.Epsilon.sum": {
            "value": 0.10008281999999998,
            "min": 0.10008281999999998,
            "max": 0.19979320000000006,
            "count": 485
        },
        "EnemyAI.Policy.Beta.mean": {
            "value": 1.4132717999999728e-05,
            "min": 1.4132717999999728e-05,
            "max": 0.00498968068,
            "count": 485
        },
        "EnemyAI.Policy.Beta.sum": {
            "value": 1.4132717999999728e-05,
            "min": 1.4132717999999728e-05,
            "max": 0.00498968068,
            "count": 485
        }
    },
    "metadata": {
        "timer_format_version": "0.1.0",
        "start_time_seconds": "1758016085",
        "python_version": "3.8.20 (default, Oct  3 2024, 15:19:54) [MSC v.1929 64 bit (AMD64)]",
        "command_line_arguments": "C:\\Users\\User\\anaconda3\\envs\\mlagents_env\\Scripts\\mlagents-learn config/enemy_attack_trainer_config.yaml --run-id=EnemyAI_Attack_Run_12 --env=./Build/AttackTraining/AI_Enemy.exe --num-envs=4",
        "mlagents_version": "0.28.0",
        "mlagents_envs_version": "0.28.0",
        "communication_protocol_version": "1.5.0",
        "pytorch_version": "2.4.1+cu118",
        "numpy_version": "1.21.6",
        "end_time_seconds": "1758022254"
    },
    "total": 6168.9755603,
    "count": 1,
    "self": 0.4428284000005078,
    "children": {
        "run_training.setup": {
            "total": 0.22173829999999972,
            "count": 1,
            "self": 0.22173829999999972
        },
        "TrainerController.start_learning": {
            "total": 6168.3109936,
            "count": 1,
            "self": 10.189876200050094,
            "children": {
                "TrainerController._reset_env": {
                    "total": 6.4016341,
                    "count": 1,
                    "self": 6.4016341
                },
                "TrainerController.advance": {
                    "total": 6151.64246159995,
                    "count": 487707,
                    "self": 9.210334800231976,
                    "children": {
                        "env_step": {
                            "total": 4461.534202899735,
                            "count": 487707,
                            "self": 2394.509572199864,
                            "children": {
                                "SubprocessEnvManager._take_step": {
                                    "total": 2060.834472999877,
                                    "count": 520455,
                                    "self": 32.65150740005765,
                                    "children": {
                                        "TorchPolicy.evaluate": {
                                            "total": 2028.1829655998195,
                                            "count": 500228,
                                            "self": 607.3752870998942,
                                            "children": {
                                                "TorchPolicy.sample_actions": {
                                                    "total": 1420.8076784999253,
                                                    "count": 500228,
                                                    "self": 1420.8076784999253
                                                }
                                            }
                                        }
                                    }
                                },
                                "workers": {
                                    "total": 6.190157699993479,
                                    "count": 487707,
                                    "self": 0.0,
                                    "children": {
                                        "worker_root": {
                                            "total": 24637.5446222008,