{
    "name": "root",
    "gauges": {
        "EnemyAI.Policy.Entropy.mean": {
            "value": 1.3035272359848022,
            "min": 1.291382074356079,
            "max": 2.3006114959716797,
            "count": 100
        },
        "EnemyAI.Policy.Entropy.sum": {
            "value": 13041.7900390625,
            "min": 12877.662109375,
            "max": 23351.20703125,
            "count": 100
        },
        "EnemyAI.Step.mean": {
            "value": 999981.0,
            "min": 9963.0,
            "max": 999981.0,
            "count": 100
        },
        "EnemyAI.Step.sum": {
            "value": 999981.0,
            "min": 9963.0,
            "max": 999981.0,
            "count": 100
        },
        "EnemyAI.Policy.ExtrinsicValueEstimate.mean": {
            "value": 0.40157875418663025,
            "min": -0.18248386681079865,
            "max": 1.1984666585922241,
            "count": 100
        },
        "EnemyAI.Policy.ExtrinsicValueEstimate.sum": {
            "value": 95.97732543945312,
            "min": -39.4165153503418,
            "max": 366.1731872558594,
            "count": 100
        },
        "EnemyAI.Environment.EpisodeLength.mean": {
            "value": 82.81666666666666,
            "min": 32.24666666666667,
            "max": 105.03157894736842,
            "count": 100
        },
        "EnemyAI.Environment.EpisodeLength.sum": {
            "value": 9938.0,
            "min": 9546.0,
            "max": 10175.0,
            "count": 100
        },
        "EnemyAI.Environment.CumulativeReward.mean": {
            "value": 0.8094374050696691,
            "min": 0.3564564565857572,
            "max": 1.6405935973337251,
            "count": 100
        },
        "EnemyAI.Environment.CumulativeReward.sum": {
            "value": 97.13248860836029,
            "min": 41.02759860851074,
            "max": 474.5231970362365,
            "count": 100
        },
        "EnemyAI.Policy.ExtrinsicReward.mean": {
            "value": 0.8094374050696691,
            "min": 0.3564564565857572,
            "max": 1.6405935973337251,
            "count": 100
        },
        "EnemyAI.Policy.ExtrinsicReward.sum": {
            "value": 97.13248860836029,
            "min": 41.02759860851074,
            "max": 474.5231970362365,
            "count": 100
        },
        "EnemyAI.IsTraining.mean": {
            "value": 1.0,
            "min": 1.0,
            "max": 1.0,
            "count": 100
        },
        "EnemyAI.IsTraining.sum": {
            "value": 1.0,
            "min": 1.0,
            "max": 1.0,
            "count": 100
        },
        "EnemyAI.Losses.PolicyLoss.mean": {
            "value": 0.020034547181179127,
            "min": 0.017268097416187327,
            "max": 0.031034817810480793,
            "count": 97
        },
        "EnemyAI.Losses.PolicyLoss.sum": {
            "value": 0.020034547181179127,
            "min": 0.017268097416187327,
            "max": 0.031034817810480793,
            "count": 97
        },
        "EnemyAI.Losses.ValueLoss.mean": {
            "value": 0.190494600435098,
            "min": 0.03730184653153022,
            "max": 0.19314330766598384,
            "count": 97
        },
        "EnemyAI.Losses.ValueLoss.sum": {
            "value": 0.190494600435098,
            "min": 0.03730184653153022,
            "max": 0.19314330766598384,
            "count": 97
        },
        "EnemyAI.Policy.LearningRate.mean": {
            "value": 1.1460996180000131e-06,
            "min": 1.1460996180000131e-06,
            "max": 0.0002969133010289001,
            "count": 97
        },
        "EnemyAI.Policy.LearningRate.sum": {
            "value": 1.1460996180000131e-06,
            "min": 1.1460996180000131e-06,
            "max": 0.0002969133010289001,
            "count": 97
        },
        "EnemyAI.Policy.Epsilon.mean": {
            "value": 0.10038200000000004,
            "min": 0.10038200000000004,
            "max": 0.19897109999999993,
            "count": 97
        },
        "EnemyAI.Policy.Epsilon.sum": {
            "value": 0.10038200000000004,
            "min": 0.10038200000000004,
            "max": 0.19897109999999993,
            "count": 97
        },
        "EnemyAI.Policy.Beta.mean": {
            "value": 2.9061800000000224e-05,
            "min": 2.9061800000000224e-05,
            "max": 0.004948657890000002,
            "count": 97
        },
        "EnemyAI.Policy.Beta.sum": {
            "value": 2.9061800000000224e-05,
            "min": 2.9061800000000224e-05,
            "max": 0.004948657890000002,
            "count": 97
        }
    },
    "metadata": {
        "timer_format_version": "0.1.0",
        "start_time_seconds": "1752650179",
        "python_version": "3.8.20 (default, Oct  3 2024, 15:19:54) [MSC v.1929 64 bit (AMD64)]",
        "command_line_arguments": "C:\\Users\\User\\anaconda3\\envs\\mlagents_env\\Scripts\\mlagents-learn config/enemy_trainer_config.yaml --run-id=EnemyAI_Build_Run_03 --env=./Build/AI_Enemy.exe --num-envs=4",
        "mlagents_version": "0.28.0",
        "mlagents_envs_version": "0.28.0",
        "communication_protocol_version": "1.5.0",
        "pytorch_version": "2.4.1+cu118",
        "numpy_version": "1.21.6",
        "end_time_seconds": "1752666406"
    },
    "total": 16227.039106299999,
    "count": 1,
    "self": 0.49822759999915434,
    "children": {
        "run_training.setup": {
            "total": 0.22556559999999992,
            "count": 1,
            "self": 0.22556559999999992
        },
        "TrainerController.start_learning": {
            "total": 16226.3153131,
            "count": 1,
            "self": 9.704446900432231,
            "children": {
                "TrainerController._reset_env": {
                    "total": 5.7065748,
                    "count": 1,
                    "self": 5.7065748
                },
                "TrainerController.advance": {
                    "total": 16210.841655199567,
                    "count": 385278,
                    "self": 7.611542900382119,
                    "children": {
                        "env_step": {
                            "total": 15709.962539299639,
                            "count": 385278,
                            "self": 362.7307932005151,
                            "children": {
                                "SubprocessEnvManager._take_step": {
                                    "total": 15340.053349499258,
                                    "count": 1009583,
                                    "self": 59.83118819873198,
                                    "children": {
                                        "TorchPolicy.evaluate": {
                                            "total": 15280.222161300526,
                                            "count": 1000121,
                                            "self": 7401.7590908999955,
                                            "children": {
                                                "TorchPolicy.sample_actions": {
                                                    "total": 7878.46307040053,
                                                    "count": 1000121,
                                                    "self": 7878.46307040053
                                                }
                                            }
                                        }
                                    }
                                },
                                "workers": {
                                    "total": 7.178396599864954,
                                    "count": 385278,
                                    "self": 0.0,
                                    "children": {
                                        "worker_root": {
                                            "total": 64861.58290250049,
                                            "count": 1009581,