{
    "name": "root",
    "gauges": {
        "EnemyAI.Policy.Entropy.mean": {
            "value": 0.995425283908844,
            "min": 0.8200801014900208,
            "max": 1.2911951541900635,
            "count": 100
        },
        "EnemyAI.Policy.Entropy.sum": {
            "value": 10024.927734375,
            "min": 8329.6171875,
            "max": 13246.37109375,
            "count": 100
        },
        "EnemyAI.Step.mean": {
            "value": 1999985.0,
            "min": 1009984.0,
            "max": 1999985.0,
            "count": 100
        },
        "EnemyAI.Step.sum": {
            "value": 1999985.0,
            "min": 1009984.0,
            "max": 1999985.0,
            "count": 100
        },
        "EnemyAI.Policy.ExtrinsicValueEstimate.mean": {
            "value": 0.1449044793844223,
            "min": -0.5710194110870361,
            "max": 2.3852031230926514,
            "count": 100
        },
        "EnemyAI.Policy.ExtrinsicValueEstimate.sum": {
            "value": 24.48885726928711,
            "min": -98.21533966064453,
            "max": 407.8697509765625,
            "count": 100
        },
        "EnemyAI.Environment.EpisodeLength.mean": {
            "value": 484.65,
            "min": 343.74074074074076,
            "max": 568.5555555555555,
            "count": 100
        },
        "EnemyAI.Environment.EpisodeLength.sum": {
            "value": 9693.0,
            "min": 7849.0,
            "max": 11673.0,
            "count": 100
        },
        "EnemyAI.Environment.CumulativeReward.mean": {
            "value": 0.29527501144912094,
            "min": -1.175116643620034,
            "max": 0.9147148233734899,
            "count": 100
        },
        "EnemyAI.Environment.CumulativeReward.sum": {
            "value": 5.905500228982419,
            "min": -28.202799446880817,
            "max": 25.032200071495026,
            "count": 100
        },
        "EnemyAI.Policy.ExtrinsicReward.mean": {
            "value": 0.29527501144912094,
            "min": -1.175116643620034,
            "max": 0.9147148233734899,
            "count": 100
        },
        "EnemyAI.Policy.ExtrinsicReward.sum": {
            "value": 5.905500228982419,
            "min": -28.202799446880817,
            "max": 25.032200071495026,
            "count": 100
        },
        "EnemyAI.IsTraining.mean": {
            "value": 1.0,
            "min": 1.0,
            "max": 1.0,
            "count": 100
        },
        "EnemyAI.IsTraining.sum": {
            "value": 1.0,
            "min": 1.0,
            "max": 1.0,
            "count": 100
        },
        "EnemyAI.Losses.PolicyLoss.mean": {
            "value": 0.02520389709000786,
            "min": 0.01702180673989157,
            "max": 0.032550297460208336,
            "count": 97
        },
        "EnemyAI.Losses.PolicyLoss.sum": {
            "value": 0.02520389709000786,
            "min": 0.01702180673989157,
            "max": 0.032550297460208336,
            "count": 97
        },
        "EnemyAI.Losses.ValueLoss.mean": {
            "value": 0.020864067661265532,
            "min": 0.00927505069412291,
            "max": 21.86168217708667,
            "count": 97
        },
        "EnemyAI.Losses.ValueLoss.sum": {
            "value": 0.020864067661265532,
            "min": 0.00927505069412291,
            "max": 21.86168217708667,
            "count": 97
        },
        "EnemyAI.Policy.LearningRate.mean": {
            "value": 4.847498384499976e-07,
            "min": 4.847498384499976e-07,
            "max": 0.0001484628505124,
            "count": 97
        },
        "EnemyAI.Policy.LearningRate.sum": {
            "value": 4.847498384499976e-07,
            "min": 4.847498384499976e-07,
            "max": 0.0001484628505124,
            "count": 97
        },
        "EnemyAI.Policy.Epsilon.mean": {
            "value": 0.10016155000000003,
            "min": 0.10016155000000003,
            "max": 0.14948759999999997,
            "count": 97
        },
        "EnemyAI.Policy.Epsilon.sum": {
            "value": 0.10016155000000003,
            "min": 0.10016155000000003,
            "max": 0.14948759999999997,
            "count": 97
        },
        "EnemyAI.Policy.Beta.mean": {
            "value": 1.806134499999996e-05,
            "min": 1.806134499999996e-05,
            "max": 0.00247943124,
            "count": 97
        },
        "EnemyAI.Policy.Beta.sum": {
            "value": 1.806134499999996e-05,
            "min": 1.806134499999996e-05,
            "max": 0.00247943124,
            "count": 97
        }
    },
    "metadata": {
        "timer_format_version": "0.1.0",
        "start_time_seconds": "1753252712",
        "python_version": "3.8.20 (default, Oct  3 2024, 15:19:54) [MSC v.1929 64 bit (AMD64)]",
        "command_line_arguments": "C:\\Users\\User\\anaconda3\\envs\\mlagents_env\\Scripts\\mlagents-learn config/enemy_trainer_config.yaml --run-id=EnemyAI_Build_Run_11 --env=./Build/AI_Enemy.exe --num-envs=8 --resume",
        "mlagents_version": "0.28.0",
        "mlagents_envs_version": "0.28.0",
        "communication_protocol_version": "1.5.0",
        "pytorch_version": "2.4.1+cu118",
        "numpy_version": "1.21.6",
        "end_time_seconds": "1753256579"
    },
    "total": 3867.5558145,
    "count": 1,
    "self": 0.29914640000015424,
    "children": {
        "run_training.setup": {
            "total": 0.4299276999999999,
            "count": 1,
            "self": 0.4299276999999999
        },
        "TrainerController.start_learning": {
            "total": 3866.8267404,
            "count": 1,
            "self": 4.856726400061689,
            "children": {
                "TrainerController._reset_env": {
                    "total": 5.9828288,
                    "count": 1,
                    "self": 5.9828288
                },
                "TrainerController.advance": {
                    "total": 3855.925674999938,
                    "count": 150433,
                    "self": 2.9435292999678495,
                    "children": {
                        "env_step": {
                            "total": 3637.441403499963,
                            "count": 150433,
                            "self": 290.2047930999479,
                            "children": {
                                "SubprocessEnvManager._take_step": {
                                    "total": 3341.7363154001077,
                                    "count": 1001987,
                                    "self": 47.322344200013504,
                                    "children": {
                                        "TorchPolicy.evaluate": {
                                            "total": 3294.4139712000942,
                                            "count": 1000396,
                                            "self": 969.4399199002014,
                                            "children": {
                                                "TorchPolicy.sample_actions": {
                                                    "total": 2324.974051299893,
                                                    "count": 1000396,
                                                    "self": 2324.974051299893
                                                }
                                            }
                                        }
                                    }
                                },
                                "workers": {
                                    "total": 5.500294999907599,
                                    "count": 150433,
                                    "self": 0.0,
                                    "children": {
                                        "worker_root": {
                                            "total": 30870.748996299248,
                                            "count": 1001985,