{
    "name": "root",
    "gauges": {
        "EnemyAI.Policy.Entropy.mean": {
            "value": 1.871382474899292,
            "min": 1.8647487163543701,
            "max": 2.300348997116089,
            "count": 100
        },
        "EnemyAI.Policy.Entropy.sum": {
            "value": 18889.734375,
            "min": 18582.67578125,
            "max": 23279.53125,
            "count": 100
        },
        "EnemyAI.Step.mean": {
            "value": 999998.0,
            "min": 9957.0,
            "max": 999998.0,
            "count": 100
        },
        "EnemyAI.Step.sum": {
            "value": 999998.0,
            "min": 9957.0,
            "max": 999998.0,
            "count": 100
        },
        "EnemyAI.Policy.ExtrinsicValueEstimate.mean": {
            "value": 1.0000600814819336,
            "min": 0.4242168664932251,
            "max": 1.0208736658096313,
            "count": 100
        },
        "EnemyAI.Policy.ExtrinsicValueEstimate.sum": {
            "value": 226.01358032226562,
            "min": 90.35819244384766,
            "max": 236.8017578125,
            "count": 100
        },
        "EnemyAI.Environment.EpisodeLength.mean": {
            "value": 87.61946902654867,
            "min": 85.50862068965517,
            "max": 129.42857142857142,
            "count": 100
        },
        "EnemyAI.Environment.EpisodeLength.sum": {
            "value": 9901.0,
            "min": 9557.0,
            "max": 10310.0,
            "count": 100
        },
        "EnemyAI.Environment.CumulativeReward.mean": {
            "value": 1.7537805527712391,
            "min": 0.4457974178912519,
            "max": 1.9344711944729358,
            "count": 100
        },
        "EnemyAI.Environment.CumulativeReward.sum": {
            "value": 198.17720246315002,
            "min": 34.326401177626394,
            "max": 219.28990250825882,
            "count": 100
        },
        "EnemyAI.Policy.ExtrinsicReward.mean": {
            "value": 1.7537805527712391,
            "min": 0.4457974178912519,
            "max": 1.9344711944729358,
            "count": 100
        },
        "EnemyAI.Policy.ExtrinsicReward.sum": {
            "value": 198.17720246315002,
            "min": 34.326401177626394,
            "max": 219.28990250825882,
            "count": 100
        },
        "EnemyAI.IsTraining.mean": {
            "value": 1.0,
            "min": 1.0,
            "max": 1.0,
            "count": 100
        },
        "EnemyAI.IsTraining.sum": {
            "value": 1.0,
            "min": 1.0,
            "max": 1.0,
            "count": 100
        },
        "EnemyAI.Losses.PolicyLoss.mean": {
            "value": 0.02512806363714238,
            "min": 0.01670468106555442,
            "max": 0.034096527534226574,
            "count": 97
        },
        "EnemyAI.Losses.PolicyLoss.sum": {
            "value": 0.02512806363714238,
            "min": 0.01670468106555442,
            "max": 0.034096527534226574,
            "count": 97
        },
        "EnemyAI.Losses.ValueLoss.mean": {
            "value": 0.10736969883243243,
            "min": 0.05855258417626222,
            "max": 0.20563401728868486,
            "count": 97
        },
        "EnemyAI.Losses.ValueLoss.sum": {
            "value": 0.10736969883243243,
            "min": 0.05855258417626222,
            "max": 0.20563401728868486,
            "count": 97
        },
        "EnemyAI.Policy.LearningRate.mean": {
            "value": 1.1712996096000056e-06,
            "min": 1.1712996096000056e-06,
            "max": 0.0002969190010269999,
            "count": 97
        },
        "EnemyAI.Policy.LearningRate.sum": {
            "value": 1.1712996096000056e-06,
            "min": 1.1712996096000056e-06,
            "max": 0.0002969190010269999,
            "count": 97
        },
        "EnemyAI.Policy.Epsilon.mean": {
            "value": 0.10039040000000005,
            "min": 0.10039040000000005,
            "max": 0.19897299999999993,
            "count": 97
        },
        "EnemyAI.Policy.Epsilon.sum": {
            "value": 0.10039040000000005,
            "min": 0.10039040000000005,
            "max": 0.19897299999999993,
            "count": 97
        },
        "EnemyAI.Policy.Beta.mean": {
            "value": 2.9480960000000097e-05,
            "min": 2.9480960000000097e-05,
            "max": 0.004948752700000001,
            "count": 97
        },
        "EnemyAI.Policy.Beta.sum": {
            "value": 2.9480960000000097e-05,
            "min": 2.9480960000000097e-05,
            "max": 0.004948752700000001,
            "count": 97
        }
    },
    "metadata": {
        "timer_format_version": "0.1.0",
        "start_time_seconds": "1753093901",
        "python_version": "3.8.20 (default, Oct  3 2024, 15:19:54) [MSC v.1929 64 bit (AMD64)]",
        "command_line_arguments": "C:\\Users\\User\\anaconda3\\envs\\mlagents_env\\Scripts\\mlagents-learn config/enemy_trainer_config.yaml --run-id=EnemyAI_Build_Run_06 --env=./Build/AI_Enemy.exe --num-envs=4",
        "mlagents_version": "0.28.0",
        "mlagents_envs_version": "0.28.0",
        "communication_protocol_version": "1.5.0",
        "pytorch_version": "2.4.1+cu118",
        "numpy_version": "1.21.6",
        "end_time_seconds": "1753097989"
    },
    "total": 4087.9214709,
    "count": 1,
    "self": 0.25011769999991884,
    "children": {
        "run_training.setup": {
            "total": 0.22190779999999988,
            "count": 1,
            "self": 0.22190779999999988
        },
        "TrainerController.start_learning": {
            "total": 4087.4494454,
            "count": 1,
            "self": 9.786665499982064,
            "children": {
                "TrainerController._reset_env": {
                    "total": 6.0101183,
                    "count": 1,
                    "self": 6.0101183
                },
                "TrainerController.advance": {
                    "total": 4071.597356400018,
                    "count": 383418,
                    "self": 7.175594099842328,
                    "children": {
                        "env_step": {
                            "total": 3834.5735508001085,
                            "count": 383418,
                            "self": 329.5605399999563,
                            "children": {
                                "SubprocessEnvManager._take_step": {
                                    "total": 3498.153194900099,
                                    "count": 1007327,
                                    "self": 49.697546700095245,
                                    "children": {
                                        "TorchPolicy.evaluate": {
                                            "total": 3448.455648200004,
                                            "count": 1000160,
                                            "self": 938.8257395002547,
                                            "children": {
                                                "TorchPolicy.sample_actions": {
                                                    "total": 2509.629908699749,
                                                    "count": 1000160,
                                                    "self": 2509.629908699749
                                                }
                                            }
                                        }
                                    }
                                },
                                "workers": {
                                    "total": 6.859815900053244,
                                    "count": 383418,
                                    "self": 0.0,
                                    "children": {
                                        "worker_root": {
                                            "total": 16307.385248099778,
                                            "count": 1007325,