{
    "name": "root",
    "gauges": {
        "EnemyAI.Policy.Entropy.mean": {
            "value": 1.6447404623031616,
            "min": 1.599269986152649,
            "max": 3.2180287837982178,
            "count": 600
        },
        "EnemyAI.Policy.Entropy.sum": {
            "value": 78385.0390625,
            "min": 12468.5595703125,
            "max": 878856.5625,
            "count": 600
        },
        "EnemyAI.Environment.EpisodeLength.mean": {
            "value": 109.6092715231788,
            "min": 103.09072164948454,
            "max": 288.1384217335058,
            "count": 600
        },
        "EnemyAI.Environment.EpisodeLength.sum": {
            "value": 49653.0,
            "min": 2184.0,
            "max": 222731.0,
            "count": 600
        },
        "EnemyAI.Step.mean": {
            "value": 29999825.0,
            "min": 49839.0,
            "max": 29999825.0,
            "count": 600
        },
        "EnemyAI.Step.sum": {
            "value": 29999825.0,
            "min": 49839.0,
            "max": 29999825.0,
            "count": 600
        },
        "EnemyAI.Policy.ExtrinsicValueEstimate.mean": {
            "value": 1.0252010822296143,
            "min": -1.2451932430267334,
            "max": 1.0447641611099243,
            "count": 600
        },
        "EnemyAI.Policy.ExtrinsicValueEstimate.sum": {
            "value": 462.36566162109375,
            "min": -802.0227661132812,
            "max": 489.855712890625,
            "count": 600
        },
        "EnemyAI.Environment.CumulativeReward.mean": {
            "value": 2.113322627980535,
            "min": -5.3893745662946495,
            "max": 2.1353905859848727,
            "count": 600
        },
        "EnemyAI.Environment.CumulativeReward.sum": {
            "value": 953.1085052192211,
            "min": -4155.207790613174,
            "max": 982.2796695530415,
            "count": 600
        },
        "EnemyAI.Policy.ExtrinsicReward.mean": {
            "value": 2.113322627980535,
            "min": -5.3893745662946495,
            "max": 2.1353905859848727,
            "count": 600
        },
        "EnemyAI.Policy.ExtrinsicReward.sum": {
            "value": 953.1085052192211,
            "min": -4155.207790613174,
            "max": 982.2796695530415,
            "count": 600
        },
        "EnemyAI.Losses.PolicyLoss.mean": {
            "value": 0.010855671437457203,
            "min": 0.007247841955783467,
            "max": 0.017764100913579266,
            "count": 600
        },
        "EnemyAI.Losses.PolicyLoss.sum": {
            "value": 0.021711342874914406,
            "min": 0.007247841955783467,
            "max": 0.03179550936135153,
            "count": 600
        },
        "EnemyAI.Losses.ValueLoss.mean": {
            "value": 0.011476165133838853,
            "min": 0.009833775429675977,
            "max": 0.19002236103018125,
            "count": 600
        },
        "EnemyAI.Losses.ValueLoss.sum": {
            "value": 0.022952330267677706,
            "min": 0.009833775429675977,
            "max": 0.20048243130246796,
            "count": 600
        },
        "EnemyAI.Policy.LearningRate.mean": {
            "value": 9.483499051749841e-07,
            "min": 9.483499051749841e-07,
            "max": 0.0009986240001376005,
            "count": 600
        },
        "EnemyAI.Policy.LearningRate.sum": {
            "value": 1.8966998103499681e-06,
            "min": 1.8966998103499681e-06,
            "max": 0.00196826656984001,
            "count": 600
        },
        "EnemyAI.Policy.Epsilon.mean": {
            "value": 0.100094825,
            "min": 0.100094825,
            "max": 0.19986239999999994,
            "count": 600
        },
        "EnemyAI.Policy.Epsilon.sum": {
            "value": 0.20018965,
            "min": 0.1003014433333333,
            "max": 0.3968266566666667,
            "count": 600
        },
        "EnemyAI.Policy.Beta.mean": {
            "value": 1.4731767499999917e-05,
            "min": 1.4731767499999917e-05,
            "max": 0.004993133759999999,
            "count": 600
        },
        "EnemyAI.Policy.Beta.sum": {
            "value": 2.9463534999999833e-05,
            "min": 2.5042022333333105e-05,
            "max": 0.009841650167666666,
            "count": 600
        },
        "EnemyAI.IsTraining.mean": {
            "value": 1.0,
            "min": 1.0,
            "max": 1.0,
            "count": 600
        },
        "EnemyAI.IsTraining.sum": {
            "value": 1.0,
            "min": 1.0,
            "max": 1.0,
            "count": 600
        }
    },
    "metadata": {
        "timer_format_version": "0.1.0",
        "start_time_seconds": "1760537143",
        "python_version": "3.8.20 (default, Oct  3 2024, 15:19:54) [MSC v.1929 64 bit (AMD64)]",
        "command_line_arguments": "C:\\Users\\User\\anaconda3\\envs\\mlagents_env\\Scripts\\mlagents-learn config/enemy_attack_trainer_config.yaml --run-id=EnemyAI_BC_PreTrain_01 --env=./Build/BCPreTraining/AI_Enemy.exe --time-scale=1.0 --capture-frame-rate=0 --num-envs=8",
        "mlagents_version": "0.28.0",
        "mlagents_envs_version": "0.28.0",
        "communication_protocol_version": "1.5.0",
        "pytorch_version": "2.4.1+cu118",
        "numpy_version": "1.21.6",
        "end_time_seconds": "1760548993"
    },
    "total": 11849.9771275,
    "count": 1,
    "self": 0.6348102999982075,
    "children": {
        "run_training.setup": {
            "total": 0.44740160000000007,
            "count": 1,
            "self": 0.44740160000000007
        },
        "TrainerController.start_learning": {
            "total": 11848.894915600002,
            "count": 1,
            "self": 2.692428199949063,
            "children": {
                "TrainerController._reset_env": {
                    "total": 6.498696799999999,
                    "count": 1,
                    "self": 6.498696799999999
                },
                "TrainerController.advance": {
                    "total": 11839.606021600053,
                    "count": 75427,
                    "self": 2.5624945002527966,
                    "children": {
                        "env_step": {
                            "total": 2961.6115322998417,
                            "count": 75427,
                            "self": 1607.43760049989,
                            "children": {
                                "SubprocessEnvManager._take_step": {
                                    "total": 1351.4532967999373,
                                    "count": 333519,
                                    "self": 29.02829489996293,
                                    "children": {
                                        "TorchPolicy.evaluate": {
                                            "total": 1322.4250018999744,
                                            "count": 177987,
                                            "self": 541.1719116999697,
                                            "children": {
                                                "TorchPolicy.sample_actions": {
                                                    "total": 781.2530902000047,
                                                    "count": 177987,
                                                    "self": 781.2530902000047
                                                }
                                            }
                                        }
                                    }
                                },
                                "workers": {
                                    "total": 2.720635000014319,
                                    "count": 75427,
                                    "self": 0.0,
                                    "children": {
                                        "worker_root": {
                                            "total": 94734.97922129955,