{
    "name": "root",
    "gauges": {
        "EnemyAI.Policy.Entropy.mean": {
            "value": 0.9841317534446716,
            "min": 0.9349665641784668,
            "max": 1.6093393564224243,
            "count": 100
        },
        "EnemyAI.Policy.Entropy.sum": {
            "value": 10087.3505859375,
            "min": 9377.71484375,
            "max": 19682.220703125,
            "count": 100
        },
        "EnemyAI.Environment.EpisodeLength.mean": {
            "value": 999.0,
            "min": 192.92,
            "max": 999.0,
            "count": 100
        },
        "EnemyAI.Environment.EpisodeLength.sum": {
            "value": 11988.0,
            "min": 4823.0,
            "max": 15530.0,
            "count": 100
        },
        "EnemyAI.Step.mean": {
            "value": 999992.0,
            "min": 9968.0,
            "max": 999992.0,
            "count": 100
        },
        "EnemyAI.Step.sum": {
            "value": 999992.0,
            "min": 9968.0,
            "max": 999992.0,
            "count": 100
        },
        "EnemyAI.Policy.ExtrinsicValueEstimate.mean": {
            "value": 0.4922708570957184,
            "min": 0.03444567695260048,
            "max": 0.49493539333343506,
            "count": 100
        },
        "EnemyAI.Policy.ExtrinsicValueEstimate.sum": {
            "value": 39.873939514160156,
            "min": 3.031219482421875,
            "max": 40.02665710449219,
            "count": 100
        },
        "EnemyAI.Environment.CumulativeReward.mean": {
            "value": 4.980500295758247,
            "min": -0.8834000596404076,
            "max": 4.9977503046393394,
            "count": 100
        },
        "EnemyAI.Environment.CumulativeReward.sum": {
            "value": 59.76600354909897,
            "min": -22.08500149101019,
            "max": 67.76200381666422,
            "count": 100
        },
        "EnemyAI.Policy.ExtrinsicReward.mean": {
            "value": 4.980500295758247,
            "min": -0.8834000596404076,
            "max": 4.9977503046393394,
            "count": 100
        },
        "EnemyAI.Policy.ExtrinsicReward.sum": {
            "value": 59.76600354909897,
            "min": -22.08500149101019,
            "max": 67.76200381666422,
            "count": 100
        },
        "EnemyAI.IsTraining.mean": {
            "value": 1.0,
            "min": 1.0,
            "max": 1.0,
            "count": 100
        },
        "EnemyAI.IsTraining.sum": {
            "value": 1.0,
            "min": 1.0,
            "max": 1.0,
            "count": 100
        },
        "EnemyAI.Losses.PolicyLoss.mean": {
            "value": 0.018067306885495783,
            "min": 0.01154162979995211,
            "max": 0.022794158461814127,
            "count": 48
        },
        "EnemyAI.Losses.PolicyLoss.sum": {
            "value": 0.018067306885495783,
            "min": 0.01154162979995211,
            "max": 0.022794158461814127,
            "count": 48
        },
        "EnemyAI.Losses.ValueLoss.mean": {
            "value": 7.216554974244597e-05,
            "min": 5.37671746618192e-05,
            "max": 0.04388353203733762,
            "count": 48
        },
        "EnemyAI.Losses.ValueLoss.sum": {
            "value": 7.216554974244597e-05,
            "min": 5.37671746618192e-05,
            "max": 0.04388353203733762,
            "count": 48
        },
        "EnemyAI.Policy.LearningRate.mean": {
            "value": 4.178498607200015e-06,
            "min": 4.178498607200015e-06,
            "max": 0.00029382660205779995,
            "count": 48
        },
        "EnemyAI.Policy.LearningRate.sum": {
            "value": 4.178498607200015e-06,
            "min": 4.178498607200015e-06,
            "max": 0.00029382660205779995,
            "count": 48
        },
        "EnemyAI.Policy.Epsilon.mean": {
            "value": 0.10139280000000003,
            "min": 0.10139280000000003,
            "max": 0.1979422,
            "count": 48
        },
        "EnemyAI.Policy.Epsilon.sum": {
            "value": 0.10139280000000003,
            "min": 0.10139280000000003,
            "max": 0.1979422,
            "count": 48
        },
        "EnemyAI.Policy.Beta.mean": {
            "value": 7.950072000000028e-05,
            "min": 7.950072000000028e-05,
            "max": 0.004897315779999999,
            "count": 48
        },
        "EnemyAI.Policy.Beta.sum": {
            "value": 7.950072000000028e-05,
            "min": 7.950072000000028e-05,
            "max": 0.004897315779999999,
            "count": 48
        }
    },
    "metadata": {
        "timer_format_version": "0.1.0",
        "start_time_seconds": "1756906135",
        "python_version": "3.8.20 (default, Oct  3 2024, 15:19:54) [MSC v.1929 64 bit (AMD64)]",
        "command_line_arguments": "C:\\Users\\User\\anaconda3\\envs\\mlagents_env\\Scripts\\mlagents-learn config/enemy_dodge_trainer_config.yaml --run-id=EnemyAI_Dodge_Run_01 --env=./Build/DodgeTraining/AI_Enemy.exe --num-envs=4 --force",
        "mlagents_version": "0.28.0",
        "mlagents_envs_version": "0.28.0",
        "communication_protocol_version": "1.5.0",
        "pytorch_version": "2.4.1+cu118",
        "numpy_version": "1.21.6",
        "end_time_seconds": "1756907356"
    },
    "total": 1221.3241849,
    "count": 1,
    "self": 0.2468399000001682,
    "children": {
        "run_training.setup": {
            "total": 0.2334029999999998,
            "count": 1,
            "self": 0.2334029999999998
        },
        "TrainerController.start_learning": {
            "total": 1220.843942,
            "count": 1,
            "self": 2.037806299997328,
            "children": {
                "TrainerController._reset_env": {
                    "total": 5.7052661,
                    "count": 1,
                    "self": 5.7052661
                },
                "TrainerController.advance": {
                    "total": 1213.0314381000026,
                    "count": 90895,
                    "self": 1.8536691999997856,
                    "children": {
                        "env_step": {
                            "total": 887.7096662999986,
                            "count": 90895,
                            "self": 595.8073253000066,
                            "children": {
                                "SubprocessEnvManager._take_step": {
                                    "total": 290.6511537000074,
                                    "count": 101392,
                                    "self": 6.013348500017287,
                                    "children": {
                                        "TorchPolicy.evaluate": {
                                            "total": 284.6378051999901,
                                            "count": 100287,
                                            "self": 105.93930200001694,
                                            "children": {
                                                "TorchPolicy.sample_actions": {
                                                    "total": 178.69850319997317,
                                                    "count": 100287,
                                                    "self": 178.69850319997317
                                                }
                                            }
                                        }
                                    }
                                },
                                "workers": {
                                    "total": 1.2511872999846352,
                                    "count": 90895,
                                    "self": 0.0,
                                    "children": {
                                        "worker_root": {
                                            "total": 4860.33891619993,
                                            "count": 101389,