{
    "name": "root",
    "gauges": {
        "EnemyAI.Policy.Entropy.mean": {
            "value": 1.3129398822784424,
            "min": 1.2803071737289429,
            "max": 1.7779247760772705,
            "count": 500
        },
        "EnemyAI.Policy.Entropy.sum": {
            "value": 12866.810546875,
            "min": 12167.0849609375,
            "max": 19475.90234375,
            "count": 500
        },
        "EnemyAI.Step.mean": {
            "value": 9999980.0,
            "min": 5009988.0,
            "max": 9999980.0,
            "count": 500
        },
        "EnemyAI.Step.sum": {
            "value": 9999980.0,
            "min": 5009988.0,
            "max": 9999980.0,
            "count": 500
        },
        "EnemyAI.Policy.ExtrinsicValueEstimate.mean": {
            "value": -0.22307786345481873,
            "min": -0.4564420282840729,
            "max": -0.16887839138507843,
            "count": 500
        },
        "EnemyAI.Policy.ExtrinsicValueEstimate.sum": {
            "value": -22.753942489624023,
            "min": -47.926414489746094,
            "max": -17.129310607910156,
            "count": 500
        },
        "EnemyAI.Environment.EpisodeLength.mean": {
            "value": 228.69767441860466,
            "min": 203.6734693877551,
            "max": 259.4594594594595,
            "count": 500
        },
        "EnemyAI.Environment.EpisodeLength.sum": {
            "value": 9834.0,
            "min": 3890.0,
            "max": 13283.0,
            "count": 500
        },
        "EnemyAI.Environment.CumulativeReward.mean": {
            "value": -0.6116261494800795,
            "min": -1.745862762044583,
            "max": -0.09804942831397057,
            "count": 500
        },
        "EnemyAI.Environment.CumulativeReward.sum": {
            "value": -26.29992442764342,
            "min": -95.5427834931761,
            "max": -3.9219771325588226,
            "count": 500
        },
        "EnemyAI.Policy.ExtrinsicReward.mean": {
            "value": -0.6116261494800795,
            "min": -1.745862762044583,
            "max": -0.09804942831397057,
            "count": 500
        },
        "EnemyAI.Policy.ExtrinsicReward.sum": {
            "value": -26.29992442764342,
            "min": -95.5427834931761,
            "max": -3.9219771325588226,
            "count": 500
        },
        "EnemyAI.IsTraining.mean": {
            "value": 1.0,
            "min": 1.0,
            "max": 1.0,
            "count": 500
        },
        "EnemyAI.IsTraining.sum": {
            "value": 1.0,
            "min": 1.0,
            "max": 1.0,
            "count": 500
        },
        "EnemyAI.Losses.PolicyLoss.mean": {
            "value": 0.029771183586368957,
            "min": 0.016047926805913448,
            "max": 0.035358722973614934,
            "count": 485
        },
        "EnemyAI.Losses.PolicyLoss.sum": {
            "value": 0.029771183586368957,
            "min": 0.016047926805913448,
            "max": 0.035358722973614934,
            "count": 485
        },
        "EnemyAI.Losses.ValueLoss.mean": {
            "value": 0.06615398886303107,
            "min": 0.04670796518524488,
            "max": 0.08793956811229388,
            "count": 485
        },
        "EnemyAI.Losses.ValueLoss.sum": {
            "value": 0.06615398886303107,
            "min": 0.04670796518524488,
            "max": 0.08793956811229388,
            "count": 485
        },
        "EnemyAI.Policy.LearningRate.mean": {
            "value": 6.942997689001187e-08,
            "min": 6.942997689001187e-08,
            "max": 0.00014968604010467002,
            "count": 485
        },
        "EnemyAI.Policy.LearningRate.sum": {
            "value": 6.942997689001187e-08,
            "min": 6.942997689001187e-08,
            "max": 0.00014968604010467002,
            "count": 485
        },
        "EnemyAI.Policy.Epsilon.mean": {
            "value": 0.10002311,
            "min": 0.10002311,
            "max": 0.14989533,
            "count": 485
        },
        "EnemyAI.Policy.Epsilon.sum": {
            "value": 0.10002311,
            "min": 0.10002311,
            "max": 0.14989533,
            "count": 485
        },
        "EnemyAI.Policy.Beta.mean": {
            "value": 1.1153189000000195e-05,
            "min": 1.1153189000000195e-05,
            "max": 0.002499776967000001,
            "count": 485
        },
        "EnemyAI.Policy.Beta.sum": {
            "value": 1.1153189000000195e-05,
            "min": 1.1153189000000195e-05,
            "max": 0.002499776967000001,
            "count": 485
        }
    },
    "metadata": {
        "timer_format_version": "0.1.0",
        "start_time_seconds": "1757941491",
        "python_version": "3.8.20 (default, Oct  3 2024, 15:19:54) [MSC v.1929 64 bit (AMD64)]",
        "command_line_arguments": "C:\\Users\\User\\anaconda3\\envs\\mlagents_env\\Scripts\\mlagents-learn config/enemy_attack_trainer_config.yaml --run-id=EnemyAI_Attack_Run_11 --env=./Build/AttackTraining/AI_Enemy.exe --num-envs=4 --resume",
        "mlagents_version": "0.28.0",
        "mlagents_envs_version": "0.28.0",
        "communication_protocol_version": "1.5.0",
        "pytorch_version": "2.4.1+cu118",
        "numpy_version": "1.21.6",
        "end_time_seconds": "1757948376"
    },
    "total": 6884.7336959,
    "count": 1,
    "self": 0.5483553000003667,
    "children": {
        "run_training.setup": {
            "total": 0.23554340000000007,
            "count": 1,
            "self": 0.23554340000000007
        },
        "TrainerController.start_learning": {
            "total": 6883.9497972,
            "count": 1,
            "self": 11.609234900099182,
            "children": {
                "TrainerController._reset_env": {
                    "total": 9.6919822,
                    "count": 1,
                    "self": 9.6919822
                },
                "TrainerController.advance": {
                    "total": 6862.5537465999005,
                    "count": 475116,
                    "self": 10.318860499928633,
                    "children": {
                        "env_step": {
                            "total": 5011.052377499999,
                            "count": 475116,
                            "self": 2082.4889512000314,
                            "children": {
                                "SubprocessEnvManager._take_step": {
                                    "total": 2921.983691000009,
                                    "count": 518929,
                                    "self": 39.73129519994882,
                                    "children": {
                                        "TorchPolicy.evaluate": {
                                            "total": 2882.25239580006,
                                            "count": 500226,
                                            "self": 1022.0864973000687,
                                            "children": {
                                                "TorchPolicy.sample_actions": {
                                                    "total": 1860.1658984999915,
                                                    "count": 500226,
                                                    "self": 1860.1658984999915
                                                }
                                            }
                                        }
                                    }
                                },
                                "workers": {
                                    "total": 6.579735299958761,
                                    "count": 475116,
                                    "self": 0.0,
                                    "children": {
                                        "worker_root": {
                                            "total": 27487.283617199962,
                                            "count": 518927,