{
    "name": "root",
    "gauges": {
        "EnemyAI.Policy.Entropy.mean": {
            "value": 1.384895920753479,
            "min": 1.384895920753479,
            "max": 2.2998530864715576,
            "count": 100
        },
        "EnemyAI.Policy.Entropy.sum": {
            "value": 13844.8046875,
            "min": 13844.8046875,
            "max": 23246.9140625,
            "count": 100
        },
        "EnemyAI.Step.mean": {
            "value": 999996.0,
            "min": 9990.0,
            "max": 999996.0,
            "count": 100
        },
        "EnemyAI.Step.sum": {
            "value": 999996.0,
            "min": 9990.0,
            "max": 999996.0,
            "count": 100
        },
        "EnemyAI.Policy.ExtrinsicValueEstimate.mean": {
            "value": 1.3989157676696777,
            "min": 0.44125059247016907,
            "max": 1.4029593467712402,
            "count": 100
        },
        "EnemyAI.Policy.ExtrinsicValueEstimate.sum": {
            "value": 651.894775390625,
            "min": 93.54512786865234,
            "max": 722.4813232421875,
            "count": 100
        },
        "EnemyAI.Environment.EpisodeLength.mean": {
            "value": 20.512931034482758,
            "min": 18.37015503875969,
            "max": 93.71698113207547,
            "count": 100
        },
        "EnemyAI.Environment.EpisodeLength.sum": {
            "value": 9518.0,
            "min": 9462.0,
            "max": 10226.0,
            "count": 100
        },
        "EnemyAI.Environment.CumulativeReward.mean": {
            "value": 1.6748831873310024,
            "min": 0.6246418179623354,
            "max": 1.699500837878544,
            "count": 100
        },
        "EnemyAI.Environment.CumulativeReward.sum": {
            "value": 777.1457989215851,
            "min": 67.36640171010367,
            "max": 869.9082993268967,
            "count": 100
        },
        "EnemyAI.Policy.ExtrinsicReward.mean": {
            "value": 1.6748831873310024,
            "min": 0.6246418179623354,
            "max": 1.699500837878544,
            "count": 100
        },
        "EnemyAI.Policy.ExtrinsicReward.sum": {
            "value": 777.1457989215851,
            "min": 67.36640171010367,
            "max": 869.9082993268967,
            "count": 100
        },
        "EnemyAI.IsTraining.mean": {
            "value": 1.0,
            "min": 1.0,
            "max": 1.0,
            "count": 100
        },
        "EnemyAI.IsTraining.sum": {
            "value": 1.0,
            "min": 1.0,
            "max": 1.0,
            "count": 100
        },
        "EnemyAI.Losses.PolicyLoss.mean": {
            "value": 0.015861554335181913,
            "min": 0.014852229381601016,
            "max": 0.03316525984555483,
            "count": 97
        },
        "EnemyAI.Losses.PolicyLoss.sum": {
            "value": 0.015861554335181913,
            "min": 0.014852229381601016,
            "max": 0.03316525984555483,
            "count": 97
        },
        "EnemyAI.Losses.ValueLoss.mean": {
            "value": 0.025958837072054545,
            "min": 0.024326671411593757,
            "max": 0.14765171657005946,
            "count": 97
        },
        "EnemyAI.Losses.ValueLoss.sum": {
            "value": 0.025958837072054545,
            "min": 0.024326671411593757,
            "max": 0.14765171657005946,
            "count": 97
        },
        "EnemyAI.Policy.LearningRate.mean": {
            "value": 1.4496995167999845e-06,
            "min": 1.4496995167999845e-06,
            "max": 0.0002969136010288,
            "count": 97
        },
        "EnemyAI.Policy.LearningRate.sum": {
            "value": 1.4496995167999845e-06,
            "min": 1.4496995167999845e-06,
            "max": 0.0002969136010288,
            "count": 97
        },
        "EnemyAI.Policy.Epsilon.mean": {
            "value": 0.10048320000000004,
            "min": 0.10048320000000004,
            "max": 0.1989712,
            "count": 97
        },
        "EnemyAI.Policy.Epsilon.sum": {
            "value": 0.10048320000000004,
            "min": 0.10048320000000004,
            "max": 0.1989712,
            "count": 97
        },
        "EnemyAI.Policy.Beta.mean": {
            "value": 3.411167999999974e-05,
            "min": 3.411167999999974e-05,
            "max": 0.004948662880000001,
            "count": 97
        },
        "EnemyAI.Policy.Beta.sum": {
            "value": 3.411167999999974e-05,
            "min": 3.411167999999974e-05,
            "max": 0.004948662880000001,
            "count": 97
        }
    },
    "metadata": {
        "timer_format_version": "0.1.0",
        "start_time_seconds": "1752731030",
        "python_version": "3.8.20 (default, Oct  3 2024, 15:19:54) [MSC v.1929 64 bit (AMD64)]",
        "command_line_arguments": "C:\\Users\\User\\anaconda3\\envs\\mlagents_env\\Scripts\\mlagents-learn config/enemy_trainer_config.yaml --run-id=EnemyAI_Build_Run_05 --env=./Build/AI_Enemy.exe --num-envs=4",
        "mlagents_version": "0.28.0",
        "mlagents_envs_version": "0.28.0",
        "communication_protocol_version": "1.5.0",
        "pytorch_version": "2.4.1+cu118",
        "numpy_version": "1.21.6",
        "end_time_seconds": "1752736290"
    },
    "total": 5260.211729799999,
    "count": 1,
    "self": 0.435699099998601,
    "children": {
        "run_training.setup": {
            "total": 0.2220740000000001,
            "count": 1,
            "self": 0.2220740000000001
        },
        "TrainerController.start_learning": {
            "total": 5259.5539567000005,
            "count": 1,
            "self": 10.496481199776099,
            "children": {
                "TrainerController._reset_env": {
                    "total": 6.8144653,
                    "count": 1,
                    "self": 6.8144653
                },
                "TrainerController.advance": {
                    "total": 5242.190413600225,
                    "count": 372092,
                    "self": 8.302594600228076,
                    "children": {
                        "env_step": {
                            "total": 4940.496087800057,
                            "count": 372092,
                            "self": 395.4026100003821,
                            "children": {
                                "SubprocessEnvManager._take_step": {
                                    "total": 4537.095311799827,
                                    "count": 1020590,
                                    "self": 58.183996399666285,
                                    "children": {
                                        "TorchPolicy.evaluate": {
                                            "total": 4478.911315400161,
                                            "count": 1000049,
                                            "self": 1431.8719340002353,
                                            "children": {
                                                "TorchPolicy.sample_actions": {
                                                    "total": 3047.0393813999253,
                                                    "count": 1000049,
                                                    "self": 3047.0393813999253
                                                }
                                            }
                                        }
                                    }
                                },
                                "workers": {
                                    "total": 7.998165999847178,
                                    "count": 372092,
                                    "self": 0.0,
                                    "children": {
                                        "worker_root": {
                                            "total": 20991.983108900058,
                                            "count": 1020589,